"p_val"	"avg_logFC"	"pct.1"	"pct.2"	"p_val_adj"	"cluster"	"gene"	"qvalue"
"OXA1L"	0.00467024300754614	0.721993490312147	0.054	0.032	1	"1"	"OXA1L"	0.316378228826344
"TTR"	4.32551915977751e-07	0.398732530605891	0.981	0.669	0.00581609306223684	"2"	"TTR"	0.00064623256247076
"VPS29"	0.0003801255447432	1.10704444026215	0.151	0.019	1	"2"	"VPS29"	0.0786333549941087
"AKR7A5"	0.000408376011201317	1.15695041913198	0.132	0.006	1	"2"	"AKR7A5"	0.0831973310092865
"PSMD6"	0.000918170320561449	1.08671647118197	0.132	0.032	1	"2"	"PSMD6"	0.145397563459765
"SRD5A3"	0.00152945906054458	0.967133645476819	0.075	0	1	"2"	"SRD5A3"	0.178827013287673
"CD79B"	0.00167479794699594	0.806279994978696	0.075	0	1	"2"	"CD79B"	0.188914052057909
"RNF6"	0.0016859799380447	0.945931793735387	0.075	0	1	"2"	"RNF6"	0.188914052057909
"CNRIP1"	0.00189774094927444	0.857512896224406	0.075	0	1	"2"	"CNRIP1"	0.203979098617966
"RNF34"	0.0021950991705732	1.10143029912583	0.113	0.006	1	"2"	"RNF34"	0.212250577018728
"ALDOA"	0.00247129710654141	0.956300334547565	0.208	0.083	1	"2"	"ALDOA"	0.223085469078778
"HAX1"	0.00259150030896765	0.515500085930182	0.057	0	1	"2"	"HAX1"	0.230763663274033
"CFH"	0.00342711158062651	0.622066455768578	0.509	0.338	1	"2"	"CFH"	0.280981355567708
"ADGRE1"	0.00346179945331094	0.88388591973412	0.208	0.07	1	"2"	"ADGRE1"	0.282105184540721
"ELF2"	0.00379052759418639	0.920585166832201	0.208	0.057	1	"2"	"ELF2"	0.299808435479001
"DCP1B"	0.00441357322319354	0.565613206235347	0.057	0	1	"2"	"DCP1B"	0.316378228826344
"TSTD2"	0.00442663546368967	0.973235549923053	0.094	0.006	1	"2"	"TSTD2"	0.316378228826344
"FCRLS"	0.00448532237475512	0.60979247535684	0.717	0.516	1	"2"	"FCRLS"	0.316378228826344
"TSTA3"	0.00481329797871651	0.579027559168613	0.057	0	1	"2"	"TSTA3"	0.316378228826344
"KLHL18"	0.00488940519263535	0.589167379195479	0.057	0	1	"2"	"KLHL18"	0.316378228826344
"RIC8A"	0.00493868680157457	0.948231757318713	0.094	0.006	1	"2"	"RIC8A"	0.316378228826344
"SH2B1"	0.00516225559852726	0.817109584088805	0.113	0.013	1	"2"	"SH2B1"	0.316378228826344
"SPOCK2"	0.00561881096658806	0.63699274149453	0.057	0	1	"2"	"SPOCK2"	0.316378228826344
"ZDHHC21"	0.00567924652575624	0.712411417609021	0.057	0	1	"2"	"ZDHHC21"	0.316378228826344
"PSMA4"	0.00578977323354898	0.853629926459674	0.17	0.057	1	"2"	"PSMA4"	0.316378228826344
"G6PDX"	0.00585172432413441	0.640955502921224	0.057	0	1	"2"	"G6PDX"	0.316378228826344
"STX17"	0.00593775346348265	0.6323572963795	0.057	0	1	"2"	"STX17"	0.316378228826344
"LDLRAD4"	0.00601664299803808	0.608612231021899	0.057	0.006	1	"2"	"LDLRAD4"	0.316969322690265
"GM18284"	0.0063970706666195	0.618337204499026	0.057	0	1	"2"	"GM18284"	0.325814440088507
"KATNA1"	0.00645565155619276	0.615369903381925	0.057	0	1	"2"	"KATNA1"	0.327557323866294
"NCF4"	0.00677925440601495	0.799539218214299	0.132	0.032	1	"2"	"NCF4"	0.34268366444841
"GM15720"	0.00741089093883021	0.808434969634446	0.057	0	1	"2"	"GM15720"	0.362352143867313
"CDS1"	0.007790946835091	0.686712991386249	0.057	0	1	"2"	"CDS1"	0.374639937479094
"5530601H04RIK"	0.00801185068948402	0.676163258811633	0.057	0	1	"2"	"5530601H04RIK"	0.378457723533209
"ARHGEF40"	0.0080977118335057	1.04381780552323	0.151	0.045	1	"2"	"ARHGEF40"	0.378457723533209
"YRDC"	0.00810276618295857	0.773534139688228	0.057	0	1	"2"	"YRDC"	0.378457723533209
"ADAMTS10"	0.00814410485200455	0.765954660649566	0.057	0	1	"2"	"ADAMTS10"	0.378457723533209
"HINT1"	0.00823452516185742	0.809714487597357	0.113	0.045	1	"2"	"HINT1"	0.378457723533209
"PCCA"	0.00823534088952755	0.717828384745734	0.057	0	1	"2"	"PCCA"	0.378457723533209
"ZFP655"	0.00826684528769467	0.683461252476722	0.057	0	1	"2"	"ZFP655"	0.378457723533209
"ATIC"	0.00837020179182373	0.539695574856602	0.057	0.006	1	"2"	"ATIC"	0.380939420150011
"ODF2L"	0.00846253755596702	0.736245810141074	0.057	0	1	"2"	"ODF2L"	0.380939420150011
"SGF29"	0.00847611385763281	0.791171219469374	0.057	0	1	"2"	"SGF29"	0.380939420150011
"TRF"	0.00870100601057412	0.586900681782814	0.491	0.357	1	"2"	"TRF"	0.386352271125777
"GM6542"	0.00882122171914425	0.75739056935276	0.094	0.025	1	"2"	"GM6542"	0.386352271125777
"CROT"	0.00917241047288519	0.85903635828852	0.151	0.032	1	"2"	"CROT"	0.395295612879533
"GM12988"	0.00920575429806035	0.549663061921656	0.057	0.006	1	"2"	"GM12988"	0.395465087193992
"PHF7"	0.00937939778485475	0.477201365700233	0.057	0.006	1	"2"	"PHF7"	0.39784032370712
"P2RY12"	0.0096385813499733	0.402861609301031	0.906	0.745	1	"2"	"P2RY12"	0.404489563834308
"ATF3"	2.60372002962899e-15	1.63495228620077	0.765	0.157	3.50096195183914e-11	"3"	"ATF3"	3.50096195183914e-11
"EGR1"	2.21501442316555e-12	1.6002461812763	0.725	0.201	2.97830839338839e-08	"3"	"EGR1"	1.4891541966942e-08
"NFKBIZ"	4.82445730204228e-12	2.17435785681088	0.529	0.075	6.48696528832605e-08	"3"	"NFKBIZ"	2.16232176277535e-08
"CD83"	3.69476269147056e-09	1.56773825608203	0.627	0.189	4.96797791495131e-05	"3"	"CD83"	1.24199447873783e-05
"JUNB"	8.20103987698265e-09	1.30922268934722	0.765	0.34	0.000110271182185909	"3"	"JUNB"	2.20542364371817e-05
"H3F3B"	1.72690288252122e-07	0.91138053128465	0.784	0.371	0.00232199361583803	"3"	"H3F3B"	0.000331713373691147
"REL"	2.420060192531e-07	1.98172879912863	0.353	0.05	0.00325401293487718	"3"	"REL"	0.000406751616859648
"ICAM1"	2.42433866247224e-06	1.46851095780073	0.333	0.05	0.0325976576556017	"3"	"ICAM1"	0.00325976576556017
"IER2"	2.71823197847678e-06	1.37413684217146	0.431	0.107	0.0365493471825988	"3"	"IER2"	0.0033226679256908
"TLR2"	5.07124049426483e-06	1.36598460625725	0.294	0.038	0.068187899685885	"3"	"TLR2"	0.00568232497382375
"GM28659"	7.04268947884738e-06	0.926119353158284	0.137	0	0.0946960027325819	"3"	"GM28659"	0.00687633462794186
"GM24098"	7.1596522974257e-06	1.20501568927133	0.314	0.057	0.096268684791186	"3"	"GM24098"	0.00687633462794186
"FOSB"	8.0050927330518e-06	1.6224122757246	0.392	0.113	0.107636476888614	"3"	"FOSB"	0.00717576512590763
"GM13149"	9.84143233354772e-06	1.0288857557071	0.137	0	0.132327899156883	"3"	"GM13149"	0.00827049369730516
"NFKBIA"	2.20331881456029e-05	0.94081037797555	0.647	0.302	0.296258247805776	"3"	"NFKBIA"	0.0172916020094954
"FOS"	2.31725480962882e-05	0.661239911933592	0.667	0.314	0.311578081702692	"3"	"FOS"	0.0172916020094954
"IL1B"	2.5287192226113e-05	1.62116593067534	0.275	0.038	0.340011586672316	"3"	"IL1B"	0.0172916020094954
"CSF1"	2.70254855376744e-05	1.57279682691029	0.176	0.006	0.36338467853957	"3"	"CSF1"	0.0172916020094954
"GM10269"	2.82038035980145e-05	1.38129468180214	0.353	0.101	0.379228343178903	"3"	"GM10269"	0.0172916020094954
"H2.K1"	2.82920752795551e-05	1.41191876791371	0.549	0.233	0.380415244208898	"3"	"H2.K1"	0.0172916020094954
"GM15590"	3.36029523120269e-05	1.1472976548289	0.216	0.025	0.451825296787513	"3"	"GM15590"	0.0196445781211962
"RRAD"	3.74394802117125e-05	1.48467030938607	0.118	0	0.503411250926686	"3"	"RRAD"	0.0209754687886119
"LYZ1"	4.6332809844517e-05	1.28268682719409	0.118	0	0.622990961169376	"3"	"LYZ1"	0.0242385531632143
"PLEKHO2"	4.68691344818959e-05	1.07454640153409	0.157	0.006	0.630202382243572	"3"	"PLEKHO2"	0.0242385531632143
"CASP4"	4.87967262094208e-05	1.39544312727129	0.216	0.019	0.656120780611872	"3"	"CASP4"	0.0243007696522916
"GM4997"	5.28451929133523e-05	0.98535944765541	0.118	0	0.710556463912936	"3"	"GM4997"	0.0247905452429152
"CSRNP1"	5.34676343927222e-05	0.914721789928333	0.137	0.006	0.718925812044542	"3"	"CSRNP1"	0.0247905452429152
"GM24272"	7.0224530585133e-05	0.871307096039297	0.196	0.019	0.944239038247698	"3"	"GM24272"	0.0301943648772127
"GM8814"	7.07575733756881e-05	1.01077966410921	0.176	0.019	0.951406331609502	"3"	"GM8814"	0.0301943648772127
"CDKN1A"	7.22511705912929e-05	1.22321319542078	0.157	0.006	0.971489239770524	"3"	"CDKN1A"	0.0301943648772127
"ATF4"	7.41048669454127e-05	0.919919183561514	0.373	0.101	0.99641404094802	"3"	"ATF4"	0.0301943648772127
"GM13413"	7.79882916366256e-05	0.589688948945865	0.098	0	1	"3"	"GM13413"	0.0307131793559673
"FXYD5"	7.99465474831812e-05	1.20683299835737	0.196	0.019	1	"3"	"FXYD5"	0.0307131793559673
"SNAPC1"	8.6116487474109e-05	1.38429480893261	0.157	0.006	1	"3"	"SNAPC1"	0.0321645080715797
"GM5558"	9.95048387050248e-05	0.732149959208176	0.235	0.038	1	"3"	"GM5558"	0.0358738363773737
"GM7290"	0.000101383741063528	1.13608086382509	0.314	0.075	1	"3"	"GM7290"	0.0358738363773737
"BTG2"	0.000105470325444972	0.786578963053655	0.588	0.264	1	"3"	"BTG2"	0.0363629229726433
"ADAMTS1"	0.000109835659924551	2.10706384080831	0.216	0.025	1	"3"	"ADAMTS1"	0.0369212570836378
"MIR692.1"	0.000112962185344626	1.36460903430422	0.314	0.075	1	"3"	"MIR692.1"	0.0370460864425328
"GM42689"	0.000133311933077915	0.777799028647906	0.098	0	1	"3"	"GM42689"	0.0416863314457126
"ARID5A"	0.000140737808835988	0.950109992641146	0.157	0.006	1	"3"	"ARID5A"	0.043008194945652
"GM6485"	0.000144900198916767	0.880246194381793	0.137	0.006	1	"3"	"GM6485"	0.04329617943633
"FTH1"	0.000174656807023435	0.603487941062038	0.882	0.686	1	"3"	"FTH1"	0.0510529440703717
"APOBR"	0.00018206682611855	0.660570382587127	0.098	0	1	"3"	"APOBR"	0.0515675667044507
"GM7082"	0.000188554742486193	0.847327985728568	0.098	0	1	"3"	"GM7082"	0.0515675667044507
"LMNA"	0.000200409348670487	1.03588964497748	0.098	0	1	"3"	"LMNA"	0.0515675667044507
"JUND"	0.000200623405098585	0.732314595224082	0.706	0.403	1	"3"	"JUND"	0.0515675667044507
"KLF2"	0.000202424997931159	1.06450993676822	0.49	0.189	1	"3"	"KLF2"	0.0515675667044507
"GM16210"	0.000203263501066182	0.846920676904526	0.098	0	1	"3"	"GM16210"	0.0515675667044507
"GM5445"	0.00021317315365677	0.85406992398114	0.098	0	1	"3"	"GM5445"	0.052144373901761
"SOCS3"	0.000213613732970154	0.987611097091995	0.373	0.119	1	"3"	"SOCS3"	0.052144373901761
"RBM8A"	0.000217171273129453	1.31296678258074	0.157	0.013	1	"3"	"RBM8A"	0.052144373901761
"USP38"	0.000230781861878951	0.826577494313261	0.098	0	1	"3"	"USP38"	0.0544402265758662
"GM15131"	0.000239595652248943	0.736572980491889	0.216	0.031	1	"3"	"GM15131"	0.0555448817265394
"GM12933"	0.000253810263552843	0.895027436304439	0.098	0	1	"3"	"GM12933"	0.0578429288768055
"GM13688"	0.000303488554337811	0.91252456278313	0.137	0.006	1	"3"	"GM13688"	0.0668968377315772
"HERPUD1"	0.000326799340480657	0.914905414106706	0.275	0.069	1	"3"	"HERPUD1"	0.0708732892274663
"IL1A"	0.00034065131734726	1.40037120029738	0.314	0.088	1	"3"	"IL1A"	0.0727047240166867
"GXYLT1"	0.000476428702628014	1.12319471114127	0.176	0.019	1	"3"	"GXYLT1"	0.0942067696402394
"TPT1.PS5"	0.000489454993821945	1.08216013551731	0.137	0.006	1	"3"	"TPT1.PS5"	0.0953798818395634
"GM7363"	0.000511598617485784	0.875216406220509	0.137	0.006	1	"3"	"GM7363"	0.0968866902917443
"FAM46C"	0.00054195748496891	1.02739553740348	0.275	0.063	1	"3"	"FAM46C"	0.101210560317944
"CLEC7A"	0.000571161530769248	0.559849707714142	0.078	0	1	"3"	"CLEC7A"	0.104286754969647
"GM6159"	0.00057394168286136	1.28679407010984	0.176	0.019	1	"3"	"GM6159"	0.104286754969647
"GM6276"	0.000668684774942209	0.460644667821707	0.078	0	1	"3"	"GM6276"	0.119881806451639
"GM4799"	0.000713180372007118	0.49721398748675	0.078	0	1	"3"	"GM4799"	0.125924142951742
"SC5D"	0.000721118474437316	0.504297706069946	0.078	0	1	"3"	"SC5D"	0.125924142951742
"GM14056"	0.00074833173266829	0.481033722777292	0.078	0	1	"3"	"GM14056"	0.129000877916126
"GM6230"	0.000831468047092273	0.609757728790152	0.078	0	1	"3"	"GM6230"	0.141517966597503
"MIR22HG"	0.000874532404786394	0.751792983742687	0.078	0	1	"3"	"MIR22HG"	0.145397563459765
"TPT1.PS2"	0.000878398588325953	0.523221376273792	0.078	0	1	"3"	"TPT1.PS2"	0.145397563459765
"GM12035"	0.000914601124368636	0.787224588028462	0.078	0	1	"3"	"GM12035"	0.145397563459765
"EVI2A"	0.000920405543512439	1.07193098647569	0.471	0.214	1	"3"	"EVI2A"	0.145397563459765
"SMAD7"	0.000940595383306554	1.06128047391052	0.235	0.05	1	"3"	"SMAD7"	0.145397563459765
"SERTAD1"	0.000945103841163965	1.21700568857462	0.118	0.006	1	"3"	"SERTAD1"	0.145397563459765
"STXBP3.PS"	0.000952015629231389	0.753210474058664	0.078	0	1	"3"	"STXBP3.PS"	0.145397563459765
"GM8326"	0.000967462253913307	0.964899333224188	0.157	0.019	1	"3"	"GM8326"	0.145397563459765
"CEBPB"	0.00098038758358544	0.810286703959433	0.392	0.151	1	"3"	"CEBPB"	0.145397563459765
"1810032O08RIK"	0.00105555073828838	0.828298157813966	0.078	0	1	"3"	"1810032O08RIK"	0.149767584076291
"GOLGB1"	0.00105748934315141	1.1135120731176	0.275	0.069	1	"3"	"GOLGB1"	0.149767584076291
"FUNDC1"	0.00105815264667914	0.722508955196846	0.078	0	1	"3"	"FUNDC1"	0.149767584076291
"RP23.312A24.1"	0.00109057499322504	0.578684210218829	0.078	0	1	"3"	"RP23.312A24.1"	0.151173931535092
"GM11703"	0.00112395577185002	0.628223118400252	0.078	0	1	"3"	"GM11703"	0.151693236701526
"GM28530"	0.0011470538328825	0.607368557410895	0.078	0	1	"3"	"GM28530"	0.151693236701526
"RBM38"	0.00114964789155798	0.753728878276646	0.078	0	1	"3"	"RBM38"	0.151693236701526
"GM5110"	0.0011590448149582	0.639088194593852	0.078	0	1	"3"	"GM5110"	0.151693236701526
"VMP1"	0.00116840750634872	0.908755692148915	0.216	0.044	1	"3"	"VMP1"	0.151693236701526
"GM6375"	0.00117091309807884	0.719974978041694	0.078	0	1	"3"	"GM6375"	0.151693236701526
"GM13047"	0.00118174628547903	0.642739224069184	0.078	0	1	"3"	"GM13047"	0.151693236701526
"GPX1"	0.00118881609483519	1.14050113415832	0.529	0.264	1	"3"	"GPX1"	0.151693236701526
"GM15732"	0.00119585624649426	0.664968869351039	0.078	0	1	"3"	"GM15732"	0.151693236701526
"IER5"	0.0012196605435121	0.94219484475778	0.569	0.314	1	"3"	"IER5"	0.153266875402465
"PMM1"	0.00123661644926967	0.885675008430067	0.078	0	1	"3"	"PMM1"	0.153958747934074
"MCL1"	0.0012612834236713	1.0489940628361	0.392	0.164	1	"3"	"MCL1"	0.155589146006278
"FTH.PS3"	0.00127765473018628	1.01322574014468	0.196	0.031	1	"3"	"FTH.PS3"	0.155978605562619
"BRD2"	0.00128764132213674	0.915401159597115	0.255	0.063	1	"3"	"BRD2"	0.155978605562619
"GM6170"	0.00133442046039786	1.07188024636775	0.157	0.025	1	"3"	"GM6170"	0.160201942058122
"NOP14"	0.00144055818598726	1.22957730180037	0.157	0.019	1	"3"	"NOP14"	0.171413675829954
"H2.D1"	0.00161656025870471	0.491550740120193	0.686	0.409	1	"3"	"H2.D1"	0.187381631366755
"CD14"	0.00166757529470266	1.25387680722759	0.373	0.17	1	"3"	"CD14"	0.188914052057909
"GM5292"	0.0017219829966096	1.03187798413688	0.137	0.013	1	"3"	"GM5292"	0.191353581590187
"HSPA5"	0.00174784823968155	0.662820399325244	0.706	0.44	1	"3"	"HSPA5"	0.192635798612771
"GM5160"	0.00188809835281194	0.950978695208254	0.255	0.082	1	"3"	"GM5160"	0.203979098617966
"GM14747"	0.00194179121099953	0.977272805742456	0.216	0.057	1	"3"	"GM14747"	0.203979098617966
"GM15400"	0.00200376836875702	0.873730030577409	0.137	0.019	1	"3"	"GM15400"	0.208857902994627
"NDEL1"	0.00209655116572579	0.794153701065903	0.137	0.013	1	"3"	"NDEL1"	0.212250577018728
"VWA1"	0.00214561747072397	0.906534057126311	0.275	0.082	1	"3"	"VWA1"	0.212250577018728
"PIM1"	0.00215580711653034	1.09520501021687	0.137	0.013	1	"3"	"PIM1"	0.212250577018728
"GM5921"	0.0022039588680831	0.735211857506815	0.118	0.006	1	"3"	"GM5921"	0.212250577018728
"BCL2A1B"	0.00220939824440541	0.862266653852862	0.314	0.101	1	"3"	"BCL2A1B"	0.212250577018728
"PPFIBP2"	0.00223690232918999	0.92323368984023	0.118	0.006	1	"3"	"PPFIBP2"	0.213314813604883
"NOTCH1"	0.00227353952583017	0.948916859470624	0.118	0.006	1	"3"	"NOTCH1"	0.214410912534404
"GM8864"	0.00232579797633402	0.948820537671505	0.118	0.006	1	"3"	"GM8864"	0.215654129034588
"CRYL1"	0.00234437538486229	1.2605020742144	0.118	0.006	1	"3"	"CRYL1"	0.215654129034588
"GM12346"	0.0023576645075178	1.04663678511323	0.353	0.132	1	"3"	"GM12346"	0.215654129034588
"GM12165"	0.00247209094844102	0.875426512919976	0.176	0.031	1	"3"	"GM12165"	0.223085469078778
"NFKBID"	0.00253746414100705	0.580341293865673	0.216	0.05	1	"3"	"NFKBID"	0.227458285599872
"MARCKSL1"	0.00268195851660255	0.892718309072014	0.137	0.019	1	"3"	"MARCKSL1"	0.237247461935776
"CARMIL1"	0.00272308512610768	0.304212600537539	0.059	0	1	"3"	"CARMIL1"	0.23733819219715
"ZFP36"	0.00275686109423371	0.29731924084179	0.745	0.478	1	"3"	"ZFP36"	0.237620219699144
"GM2367"	0.00313784148469353	0.876244271073593	0.157	0.025	1	"3"	"GM2367"	0.260440843229563
"GBP2"	0.00356680736311583	0.95371667757174	0.059	0	1	"3"	"GBP2"	0.287181388050631
"GM37050"	0.00390955275013731	0.332200612763268	0.059	0	1	"3"	"GM37050"	0.305996399061737
"GM6929"	0.00392588839694766	0.803488571310436	0.196	0.044	1	"3"	"GM6929"	0.305996399061737
"SNX15"	0.00393703532929351	0.377376951725831	0.059	0	1	"3"	"SNX15"	0.305996399061737
"GM9341"	0.00403838122867956	0.381293607895626	0.059	0	1	"3"	"GM9341"	0.31040956342862
"RP23.115A18.3"	0.00406621986394012	0.812886732800241	0.118	0.013	1	"3"	"RP23.115A18.3"	0.31040956342862
"MAFF"	0.00408615891171098	0.631408282344468	0.059	0	1	"3"	"MAFF"	0.31040956342862
"GM7287"	0.00412432915471429	0.665201297711345	0.098	0.006	1	"3"	"GM7287"	0.311549043900496
"SDC4"	0.00422570813940983	1.59833178102167	0.118	0.013	1	"3"	"SDC4"	0.316378228826344
"TMEM268"	0.00430647399212259	0.886930730187086	0.137	0.019	1	"3"	"TMEM268"	0.316378228826344
"GM7928"	0.00431112814489641	0.430574185406712	0.059	0	1	"3"	"GM7928"	0.316378228826344
"GM13456"	0.00435272165601809	0.749956004411766	0.275	0.088	1	"3"	"GM13456"	0.316378228826344
"GM4760"	0.00436706441256028	1.03150581414475	0.216	0.063	1	"3"	"GM4760"	0.316378228826344
"GM15791"	0.00439012357219101	0.449465897661478	0.059	0	1	"3"	"GM15791"	0.316378228826344
"GADD45B"	0.00455245043835845	1.3233056595228	0.118	0.013	1	"3"	"GADD45B"	0.316378228826344
"UBC"	0.00461990059643109	0.433105200982892	0.784	0.535	1	"3"	"UBC"	0.316378228826344
"TOB2"	0.00463514382057119	0.942166814169349	0.216	0.057	1	"3"	"TOB2"	0.316378228826344
"GM8880"	0.00469575673002251	0.578733087693122	0.098	0.006	1	"3"	"GM8880"	0.316378228826344
"GM7745"	0.00469977966088866	0.401400217073805	0.059	0	1	"3"	"GM7745"	0.316378228826344
"KDM6B"	0.00472008325787688	1.11729098008271	0.118	0.013	1	"3"	"KDM6B"	0.316378228826344
"SLCO4A1"	0.00484129485027979	0.547005866961969	0.059	0	1	"3"	"SLCO4A1"	0.316378228826344
"PLIN2"	0.00490251632266852	0.598036661249497	0.098	0.006	1	"3"	"PLIN2"	0.316378228826344
"TUBA1C"	0.00491468446936037	0.527112051467726	0.098	0.006	1	"3"	"TUBA1C"	0.316378228826344
"NUAK2"	0.00515187290522199	0.440420223213019	0.059	0	1	"3"	"NUAK2"	0.316378228826344
"GM4918"	0.0052097276546557	0.679546607267769	0.098	0.006	1	"3"	"GM4918"	0.316378228826344
"GM44411"	0.00522959155526748	0.441276729878497	0.059	0	1	"3"	"GM44411"	0.316378228826344
"GM9372"	0.00523662417630502	0.528534418368098	0.059	0	1	"3"	"GM9372"	0.316378228826344
"GM5711"	0.00523862955537934	0.429218338730907	0.059	0	1	"3"	"GM5711"	0.316378228826344
"RP23.314A15.8"	0.00531351770760869	0.455704367687534	0.059	0	1	"3"	"RP23.314A15.8"	0.316378228826344
"GM6060"	0.00537432260207533	0.92581401853963	0.098	0.006	1	"3"	"GM6060"	0.316378228826344
"DBT"	0.00541628272633883	0.450918428971713	0.059	0	1	"3"	"DBT"	0.316378228826344
"GM8976"	0.00541839978617257	0.761669890046871	0.059	0	1	"3"	"GM8976"	0.316378228826344
"GM44279"	0.0054345178513199	0.464288592256851	0.059	0	1	"3"	"GM44279"	0.316378228826344
"GM17150"	0.00544806326976601	0.488525716532066	0.059	0	1	"3"	"GM17150"	0.316378228826344
"GM4968"	0.00546416748686937	0.491363241371873	0.059	0	1	"3"	"GM4968"	0.316378228826344
"PPP6C"	0.00552314435566947	0.784292032351554	0.137	0.019	1	"3"	"PPP6C"	0.316378228826344
"GM42573"	0.00553670587472548	0.769312392457732	0.176	0.038	1	"3"	"GM42573"	0.316378228826344
"URM1"	0.00553792206453396	0.706045399500632	0.059	0	1	"3"	"URM1"	0.316378228826344
"GM11524"	0.00565576541750562	0.49997403322291	0.059	0	1	"3"	"GM11524"	0.316378228826344
"ABCD4"	0.00570725132418781	0.761436352538031	0.059	0	1	"3"	"ABCD4"	0.316378228826344
"GM37486"	0.00570847261504721	0.992869591259252	0.118	0.013	1	"3"	"GM37486"	0.316378228826344
"ACTG2"	0.00571338586004677	0.519570173056253	0.059	0	1	"3"	"ACTG2"	0.316378228826344
"GM6407"	0.00577220420914812	0.490532109720012	0.059	0	1	"3"	"GM6407"	0.316378228826344
"GM13492"	0.00582241437823494	0.710316533070483	0.059	0	1	"3"	"GM13492"	0.316378228826344
"GM6443"	0.00586981601106936	0.523348488254512	0.059	0	1	"3"	"GM6443"	0.316378228826344
"PSMC3IP"	0.00587311922639044	0.918161364616498	0.059	0	1	"3"	"PSMC3IP"	0.316378228826344
"ADAM9"	0.00587687918863405	0.69277081287071	0.059	0	1	"3"	"ADAM9"	0.316378228826344
"SAMD9L"	0.00588811692540975	0.65333644956958	0.059	0	1	"3"	"SAMD9L"	0.316378228826344
"GM28118"	0.00590432848623658	0.609249155985987	0.059	0	1	"3"	"GM28118"	0.316378228826344
"GM9497"	0.00590623355624564	0.604010691200172	0.059	0	1	"3"	"GM9497"	0.316378228826344
"HMGB1.PS7"	0.00591403356353903	0.544967066544896	0.059	0	1	"3"	"HMGB1.PS7"	0.316378228826344
"GM16303"	0.00593088010524252	0.641562580657525	0.059	0	1	"3"	"GM16303"	0.316378228826344
"ARNTL"	0.00593226052116354	0.529649900913179	0.059	0	1	"3"	"ARNTL"	0.316378228826344
"GM16061"	0.0059358776953279	0.591052514233168	0.059	0	1	"3"	"GM16061"	0.316378228826344
"GM4217"	0.00593822603005574	0.537287445102637	0.059	0	1	"3"	"GM4217"	0.316378228826344
"NEXN"	0.00594020789560982	0.5828916555322	0.059	0	1	"3"	"NEXN"	0.316378228826344
"GM43973"	0.00594328551734603	0.711759757953917	0.059	0	1	"3"	"GM43973"	0.316378228826344
"RP24.246F10.4"	0.00594693757400085	0.655228800495051	0.059	0	1	"3"	"RP24.246F10.4"	0.316378228826344
"SLC7A10"	0.00595052359847217	0.577863015651806	0.059	0	1	"3"	"SLC7A10"	0.316378228826344
"PGPEP1"	0.00595129832026224	0.565402151604908	0.059	0	1	"3"	"PGPEP1"	0.316378228826344
"GM11191"	0.00595199117956721	0.721093866861445	0.059	0	1	"3"	"GM11191"	0.316378228826344
"ZFP386"	0.0059527344459825	0.866274648309147	0.059	0	1	"3"	"ZFP386"	0.316378228826344
"TFAM"	0.00595297425948721	0.760014922295438	0.059	0	1	"3"	"TFAM"	0.316378228826344
"GM9234"	0.00602440943626959	0.790937377222251	0.098	0.006	1	"3"	"GM9234"	0.316969322690265
"GPR84"	0.00603481679374594	1.31460628988583	0.216	0.057	1	"3"	"GPR84"	0.316969322690265
"TPT1.PS4"	0.00618960524066793	0.699772576386188	0.098	0.006	1	"3"	"TPT1.PS4"	0.322579194054345
"TXNRD1"	0.00623905565419774	1.17389232575534	0.118	0.013	1	"3"	"TXNRD1"	0.322655162793626
"GM6075"	0.00636866742021998	0.963930590215704	0.137	0.019	1	"3"	"GM6075"	0.325601148791931
"PRDX3"	0.00680698137370286	1.02722623022382	0.137	0.019	1	"3"	"PRDX3"	0.342796522662205
"PVR"	0.00695444127989024	0.740659656777646	0.098	0.006	1	"3"	"PVR"	0.347618652228268
"GM13777"	0.00710172854039441	1.05120861006149	0.137	0.019	1	"3"	"GM13777"	0.351369831972104
"H2.K2"	0.00731643287098453	0.771357758087009	0.098	0.006	1	"3"	"H2.K2"	0.359039256873204
"RALGAPA1"	0.00746919725061865	0.896786746262729	0.118	0.013	1	"3"	"RALGAPA1"	0.363879805187748
"EHBP1L1"	0.00764351429232661	0.979205910137771	0.157	0.031	1	"3"	"EHBP1L1"	0.369693140915912
"WDR81"	0.008097184091614	0.896877468323618	0.098	0.006	1	"3"	"WDR81"	0.378457723533209
"KRAS"	0.00826980519115925	0.7921567390237	0.235	0.075	1	"3"	"KRAS"	0.378457723533209
"PAFAH1B1"	0.00842578759464549	0.692588853984491	0.333	0.138	1	"3"	"PAFAH1B1"	0.380939420150011
"GM12466"	0.00849931771865264	1.13236324421226	0.235	0.075	1	"3"	"GM12466"	0.380939420150011
"TRIM47"	0.00872380707663457	0.870957707021388	0.098	0.006	1	"3"	"TRIM47"	0.386352271125777
"GM6905"	0.00874539683951059	0.650778308429903	0.157	0.038	1	"3"	"GM6905"	0.386352271125777
"HNRNPC"	0.0087548095470426	0.570659140704445	0.412	0.195	1	"3"	"HNRNPC"	0.386352271125777
"NLRP3"	0.00897353750959934	0.417001808478973	0.216	0.063	1	"3"	"NLRP3"	0.391117451005004
"GM17087"	0.00905796994217757	0.99874614334352	0.353	0.17	1	"3"	"GM17087"	0.392882141427482
"LYAR"	0.00928451657007233	0.520682610200423	0.118	0.031	1	"3"	"LYAR"	0.396626407225687
"RBM8A2"	0.00957059650983598	0.777994883755103	0.118	0.019	1	"3"	"RBM8A2"	0.404489563834308
"NR4A1"	0.00960821840737431	1.00193561690501	0.196	0.05	1	"3"	"NR4A1"	0.404489563834308
"GM5777"	0.0097519140344424	0.829802537193602	0.157	0.038	1	"3"	"GM5777"	0.405957387328522
"TTR1"	5.12150606224052e-08	0.156579831828975	0.96	0.681	0.00068863770512886	"4"	"TTR"	0.00011477295085481
"WDFY4"	0.000119962828485108	0.985670549380904	0.18	0	1	"4"	"WDFY4"	0.0384052426621609
"GM5590"	0.000200118397871072	0.79914097337836	0.12	0	1	"4"	"GM5590"	0.0515675667044507
"FCRLS1"	0.000286727351104985	0.0885953224050939	0.86	0.475	1	"4"	"FCRLS"	0.0642555993826272
"AAED1"	0.000373328270595664	0.53799231286186	0.06	0	1	"4"	"AAED1"	0.0784339363504579
"TCP1"	0.000443142184788756	0.703587075110594	0.14	0.006	1	"4"	"TCP1"	0.0889326838308898
"CX3CR1"	0.000503222925313748	0.219852190068663	0.96	0.812	1	"4"	"CX3CR1"	0.096661935053838
"SCCPDH"	0.000980102972660897	0.351300687156179	0.06	0.006	1	"4"	"SCCPDH"	0.145397563459765
"ANKRA2"	0.000984023373110112	0.791754031766103	0.12	0	1	"4"	"ANKRA2"	0.145397563459765
"2410015M20RIK"	0.00104099262325687	0.836798889911731	0.16	0.006	1	"4"	"2410015M20RIK"	0.149767584076291
"FAM167B"	0.00107141927756612	0.733080273105343	0.18	0.019	1	"4"	"FAM167B"	0.150065662564105
"ITM2A"	0.00150544793490242	0.602035902839632	0.06	0	1	"4"	"ITM2A"	0.177563622216648
"UNC13D"	0.00163433664829372	0.711646103157134	0.08	0	1	"4"	"UNC13D"	0.187822996350063
"VPS11"	0.00179328375235096	0.607513907473355	0.1	0	1	"4"	"VPS11"	0.196036531171634
"CPSF6"	0.00191551990828526	0.814127446560765	0.16	0.006	1	"4"	"CPSF6"	0.203979098617966
"FOS1"	0.00192890545868926	0.114222704024257	0.46	0.381	1	"4"	"FOS"	0.203979098617966
"SF3A1"	0.0020473779876253	0.876045977340838	0.14	0	1	"4"	"SF3A1"	0.211761880166229
"CCDC107"	0.00207810009950849	0.865834878228643	0.18	0	1	"4"	"CCDC107"	0.212250577018728
"P2RY121"	0.00210272546684706	0.0546859483767581	0.94	0.738	1	"4"	"P2RY12"	0.212250577018728
"CCT7"	0.00215016524359546	0.766123562032695	0.14	0.006	1	"4"	"CCT7"	0.212250577018728
"GOLM1"	0.00220995692269984	0.0829587532570391	0.88	0.419	1	"4"	"GOLM1"	0.212250577018728
"NXT1"	0.00228028859827605	0.487114789761832	0.06	0	1	"4"	"NXT1"	0.214410912534404
"DEPTOR"	0.00230604078646696	0.774837904732433	0.06	0	1	"4"	"DEPTOR"	0.215326558436352
"TMOD1"	0.00273099834135154	0.669789581067228	0.1	0	1	"4"	"TMOD1"	0.23733819219715
"MERTK"	0.00273593780979906	0.232288967775902	0.76	0.312	1	"4"	"MERTK"	0.23733819219715
"UBE3A"	0.00282248116225724	0.57540656902742	0.22	0.031	1	"4"	"UBE3A"	0.241726635080961
"MYADM"	0.00292207703427966	0.694731859215861	0.16	0.012	1	"4"	"MYADM"	0.247418124845788
"PPAT"	0.00292573864721704	0.465799355399155	0.06	0	1	"4"	"PPAT"	0.247418124845788
"NPL"	0.0029989180931245	0.559065827534855	0.2	0.025	1	"4"	"NPL"	0.25202157925095
"GHITM"	0.00311186122350129	0.820441180745987	0.26	0.019	1	"4"	"GHITM"	0.25988873298881
"SPPL3"	0.00330244337258066	0.841526043462475	0.18	0.006	1	"4"	"SPPL3"	0.272421187654721
"BCOR"	0.00354103827702863	0.55086285716249	0.08	0	1	"4"	"BCOR"	0.286824100439319
"DHCR7"	0.00358936329905241	0.637900150745033	0.08	0	1	"4"	"DHCR7"	0.287277255470588
"TXLNG"	0.003787973441907	0.549229105796969	0.08	0	1	"4"	"TXLNG"	0.299808435479001
"GM38042"	0.00405704412218364	0.793874526547375	0.16	0.006	1	"4"	"GM38042"	0.31040956342862
"DDRGK1"	0.00460053162171972	0.439779146973749	0.34	0.062	1	"4"	"DDRGK1"	0.316378228826344
"ACIN1"	0.00473197917518998	0.389333460853602	0.6	0.188	1	"4"	"ACIN1"	0.316378228826344
"PAF1"	0.0048994862384153	0.454945849425786	0.06	0	1	"4"	"PAF1"	0.316378228826344
"ZCCHC10"	0.00510644449428137	0.591366569741814	0.08	0	1	"4"	"ZCCHC10"	0.316378228826344
"PIK3R5"	0.00569960100026477	0.634866588331443	0.12	0	1	"4"	"PIK3R5"	0.316378228826344
"HMGXB4"	0.0057848468481886	0.835449229953917	0.16	0.006	1	"4"	"HMGXB4"	0.316378228826344
"DPP9"	0.00591334067525695	0.454095692648021	0.06	0	1	"4"	"DPP9"	0.316378228826344
"EIF1B"	0.00618711471432775	0.519022813784463	0.26	0.05	1	"4"	"EIF1B"	0.322579194054345
"TMEM71"	0.00621376690663278	0.355738642549098	0.06	0.006	1	"4"	"TMEM71"	0.322588068828511
"TSPAN13"	0.00627453641786672	0.977552149065811	0.28	0.031	1	"4"	"TSPAN13"	0.323246807182513
"REXO2"	0.00630366975180583	0.577939550693361	0.2	0.038	1	"4"	"REXO2"	0.323508181231989
"MRPL48.PS"	0.00693903834015284	0.598466549863127	0.08	0	1	"4"	"MRPL48.PS"	0.347618652228268
"DPM3"	0.0070000147438978	0.43708741884969	0.2	0.044	1	"4"	"DPM3"	0.348600734246111
"CCDC32"	0.0071078829612087	0.448380594988393	0.06	0	1	"4"	"CCDC32"	0.351369831972104
"TAZ"	0.0072624326340434	0.678298077357013	0.16	0.019	1	"4"	"TAZ"	0.357694758964643
"VAV2"	0.00764038718172471	0.580982034725581	0.06	0.006	1	"4"	"VAV2"	0.369693140915912
"SIPA1"	0.00780151587789279	0.290132346637784	0.3	0.075	1	"4"	"SIPA1"	0.374639937479094
"TTYH1"	0.0079009449380915	0.181679956954278	0.06	0.012	1	"4"	"TTYH1"	0.377674154149763
"AKIRIN2"	0.00792087695003965	0.584529874088427	0.36	0.056	1	"4"	"AKIRIN2"	0.377674154149763
"TSG101"	0.008054282013838	0.450508936770784	0.22	0.038	1	"4"	"TSG101"	0.378457723533209
"C1QA"	0.00814634401036155	0.268748760172484	1	0.875	1	"4"	"C1QA"	0.378457723533209
"CLINT1"	0.00827506847529104	0.736899613264547	0.16	0.025	1	"4"	"CLINT1"	0.378457723533209
"SLC20A1"	0.00844360587569229	0.552225136203543	0.1	0	1	"4"	"SLC20A1"	0.380939420150011
"E130311K13RIK"	0.00880194303461902	0.493511521940633	0.08	0	1	"4"	"E130311K13RIK"	0.386352271125777
"ZFP688"	0.00880991084884161	0.37128934453216	0.06	0.006	1	"4"	"ZFP688"	0.386352271125777
"FGL2"	0.00898819666521986	0.307230412430895	0.06	0.006	1	"4"	"FGL2"	0.391117451005004
"SMARCAL1"	0.00915354764281669	0.378769491097365	0.04	0	1	"4"	"SMARCAL1"	0.395295612879533
"GNS"	0.00930783996817715	0.355635486245253	0.6	0.175	1	"4"	"GNS"	0.396626407225687
"RPF2"	0.00932128102657423	0.659922711513225	0.14	0	1	"4"	"RPF2"	0.396626407225687
"SYNGR1"	0.00967008064511176	0.509913587298565	0.26	0.069	1	"4"	"SYNGR1"	0.404489563834308
"GNAI3"	0.00968657143794788	0.376859264119912	0.04	0	1	"4"	"GNAI3"	0.404489563834308
"CEBPZ"	0.00986541873328258	0.364854772026498	0.2	0.062	1	"4"	"CEBPZ"	0.409414877431227
"PRMT9"	0.00994546633261374	0.425585383715518	0.06	0	1	"4"	"PRMT9"	0.410456739007074
"SEC23B"	0.00995157644773956	0.607446703314328	0.12	0	1	"4"	"SEC23B"	0.410456739007074
