"p_val"	"avg_logFC"	"pct.1"	"pct.2"	"p_val_adj"	"cluster"	"gene"
6.25543754088155e-14	1.48772118438848	0.8	0.192	8.41106131746934e-10	"WT mice (Midbrain)"	"EGR1"
2.17324191740506e-12	1.97886959568113	0.6	0.081	2.92214108214285e-08	"WT mice (Midbrain)"	"NFKBIZ"
1.73841808036541e-09	0.544050257961182	0.673	0.186	2.33747695085932e-05	"WT mice (Midbrain)"	"ATF3"
1.06722139264884e-07	0.956236637821811	0.745	0.291	0.00143498588455562	"WT mice (Midbrain)"	"NFKBIA"
1.32274826989888e-07	1.62656048004227	0.273	0.006	0.00177856732370603	"WT mice (Midbrain)"	"RBM8A"
1.6503248600965e-07	1.32076559805713	0.618	0.198	0.00221902680688575	"WT mice (Midbrain)"	"CD83"
2.12709146527843e-07	1.41216593265088	0.382	0.047	0.00286008718421338	"WT mice (Midbrain)"	"ICAM1"
3.76959524228638e-07	0.920507752477865	0.909	0.692	0.00506859776277827	"WT mice (Midbrain)"	"FTH1"
7.20961776011715e-07	1.37516301224739	0.2	0	0.00969405204025352	"WT mice (Midbrain)"	"SERTAD1"
8.81528386870453e-07	1.47594501788415	0.182	0	0.0118530306898601	"WT mice (Midbrain)"	"ASPA"
1.33974961974001e-06	1.93991269026831	0.309	0.029	0.0180142733870242	"WT mice (Midbrain)"	"ADAMTS1"
2.48946816618631e-06	1.38888354473676	0.236	0.006	0.0334733889625412	"WT mice (Midbrain)"	"CDKN1A"
3.21542919732336e-06	0.928378391685051	0.182	0	0.0432346609872099	"WT mice (Midbrain)"	"NLRP1B"
5.37535568225761e-06	1.04375559227191	0.164	0	0.0722770325036358	"WT mice (Midbrain)"	"DEPDC7"
5.46954504444777e-06	1.22973325305424	0.291	0.029	0.0735435026676447	"WT mice (Midbrain)"	"CHD1"
5.75624012545924e-06	1.62065864513971	0.327	0.047	0.0773984047269249	"WT mice (Midbrain)"	"REL"
5.81108872564082e-06	1.03470877893999	0.145	0	0.0781358990049665	"WT mice (Midbrain)"	"GM28659"
6.72948519898773e-06	2.74825605175829	0.418	0.337	0.0904846579855891	"WT mice (Midbrain)"	"PLP1"
7.01400490464873e-06	1.08086879491075	0.164	0	0.0943103099479068	"WT mice (Midbrain)"	"ENPP5"
7.4034356650854e-06	1.00900582383838	0.364	0.052	0.0995465959527383	"WT mice (Midbrain)"	"HERPUD1"
7.77412424733341e-06	1.06078193679072	0.164	0	0.104530874629645	"WT mice (Midbrain)"	"CSRNP1"
8.2736441382752e-06	1.31686212513515	0.127	0	0.111247419083248	"WT mice (Midbrain)"	"CRYL1"
8.44052973313561e-06	1.14344882306879	0.127	0	0.113491362791741	"WT mice (Midbrain)"	"GM4997"
1.82510203167423e-05	0.981024267384812	0.127	0	0.245403219178918	"WT mice (Midbrain)"	"GM13149"
1.98885963912516e-05	0.868185350026145	0.145	0	0.26742206707677	"WT mice (Midbrain)"	"SOGA3"
2.35265904758571e-05	1.0161905452436	0.145	0	0.316338535538375	"WT mice (Midbrain)"	"MIR22HG"
2.48915009128372e-05	1.06279934830254	0.273	0.035	0.334691121274009	"WT mice (Midbrain)"	"TLR2"
3.1794724854584e-05	1.77086693406007	0.145	0	0.427511870394737	"WT mice (Midbrain)"	"ANLN"
3.1794724854584e-05	1.34046786719324	0.145	0	0.427511870394737	"WT mice (Midbrain)"	"FEZ1"
3.1794724854584e-05	0.922736627663159	0.145	0	0.427511870394737	"WT mice (Midbrain)"	"ELOVL6"
3.20368184172816e-05	1.05041155717459	0.145	0	0.430767060438769	"WT mice (Midbrain)"	"DACH2"
3.20368184172816e-05	0.827913068583037	0.145	0	0.430767060438769	"WT mice (Midbrain)"	"LRRN1"
4.16389659021889e-05	1.35452688692684	0.2	0.017	0.559877535520832	"WT mice (Midbrain)"	"CASP4"
4.80150656862986e-05	1.15746288758844	0.4	0.099	0.645610573217971	"WT mice (Midbrain)"	"IER2"
4.83155479782021e-05	1.60266073263507	0.418	0.134	0.649650858114906	"WT mice (Midbrain)"	"MBP"
5.21112400123653e-05	0.913522284934953	0.709	0.355	0.700687733206264	"WT mice (Midbrain)"	"JUNB"
5.29631607130673e-05	2.1214080049466	0.2	0.012	0.712142658947903	"WT mice (Midbrain)"	"ERMN"
5.84324921611476e-05	0.862239805593344	0.655	0.302	0.78568328959879	"WT mice (Midbrain)"	"CALM1"
6.1643506819665e-05	1.01560216040418	0.273	0.041	0.828858592697216	"WT mice (Midbrain)"	"ETF1"
6.18555721685857e-05	0.950459101944845	0.127	0	0.831710023378804	"WT mice (Midbrain)"	"GM7287"
8.35492924237946e-05	0.925341436018933	0.2	0.012	1	"WT mice (Midbrain)"	"GM24272"
8.92071392188046e-05	0.884326818138822	0.127	0	1	"WT mice (Midbrain)"	"SHTN1"
9.48190401610572e-05	0.915808955835282	0.127	0	1	"WT mice (Midbrain)"	"DIXDC1"
9.79931438332714e-05	1.22869448810663	0.109	0	1	"WT mice (Midbrain)"	"LYZ1"
9.884589000947e-05	1.03265229306311	0.109	0	1	"WT mice (Midbrain)"	"GM6230"
0.000100081885857828	0.945062558623846	0.127	0	1	"WT mice (Midbrain)"	"OPA1"
0.000105245114924714	1.19077641991565	0.164	0.006	1	"WT mice (Midbrain)"	"GM13688"
0.000109890432309752	0.92830059146782	0.127	0	1	"WT mice (Midbrain)"	"GSN"
0.000120347094674311	1.3911643716018	0.182	0.006	1	"WT mice (Midbrain)"	"NDRG1"
0.000125416058067253	0.92435222658884	0.127	0	1	"WT mice (Midbrain)"	"EDIL3"
0.000129639826386244	0.755670453519156	0.127	0	1	"WT mice (Midbrain)"	"SNX15"
0.000145219373057003	1.31441460113374	0.473	0.163	1	"WT mice (Midbrain)"	"CD14"
0.000145883518539541	0.877583614066506	0.127	0	1	"WT mice (Midbrain)"	"PROX1OS"
0.000152814796216304	1.42677745057611	0.109	0	1	"WT mice (Midbrain)"	"RRAD"
0.000158708267409857	1.18136037118981	0.127	0	1	"WT mice (Midbrain)"	"KLK6"
0.000161143327064843	0.786302027315462	0.109	0	1	"WT mice (Midbrain)"	"NUAK2"
0.000175633933680676	1.75310240411694	0.255	0.041	1	"WT mice (Midbrain)"	"IL1B"
0.000175686170367783	1.63661837787733	0.182	0.006	1	"WT mice (Midbrain)"	"GNAI1"
0.000187050007465226	0.788790030014341	0.109	0	1	"WT mice (Midbrain)"	"GM8885"
0.000188970277391843	1.09572311825006	0.309	0.052	1	"WT mice (Midbrain)"	"VMP1"
0.000192756015619493	1.04067913686709	0.127	0	1	"WT mice (Midbrain)"	"LIMCH1"
0.000192756015619493	0.657845299826277	0.127	0	1	"WT mice (Midbrain)"	"TMEFF1"
0.000195844543297018	0.993838468516671	0.127	0	1	"WT mice (Midbrain)"	"TMEM88B"
0.000201331245693376	1.25883205312049	0.327	0.07	1	"WT mice (Midbrain)"	"PCF11"
0.00020501382200903	0.74845804066001	0.109	0	1	"WT mice (Midbrain)"	"ARHGEF10"
0.000209480552253326	0.729931415233677	0.109	0	1	"WT mice (Midbrain)"	"TPT1.PS4"
0.000211319760817385	0.739921218729887	0.127	0	1	"WT mice (Midbrain)"	"CYSTM1"
0.000217950742342292	0.935624083317659	0.291	0.052	1	"WT mice (Midbrain)"	"PEA15A"
0.000247511647557758	0.886239145250708	0.109	0	1	"WT mice (Midbrain)"	"ADAMTS4"
0.000249446017080955	1.44468352831468	0.327	0.07	1	"WT mice (Midbrain)"	"IL1A"
0.000259766318935891	0.986393359087761	0.236	0.023	1	"WT mice (Midbrain)"	"PDGFA"
0.00026527002878982	0.934937139491339	0.109	0	1	"WT mice (Midbrain)"	"GM6060"
0.000277070796124973	1.09565971376216	0.309	0.058	1	"WT mice (Midbrain)"	"GM24098"
0.000280587557371431	0.84251366258248	0.109	0	1	"WT mice (Midbrain)"	"GM13413"
0.000282337208471797	1.52251782104047	0.164	0.006	1	"WT mice (Midbrain)"	"SPOCK3"
0.000291345291070899	0.704631156168287	0.109	0	1	"WT mice (Midbrain)"	"GM4918"
0.000305857651740442	0.777168803322577	0.091	0	1	"WT mice (Midbrain)"	"GM28530"
0.00031807927545363	1.99870813267993	0.182	0.012	1	"WT mice (Midbrain)"	"STMN4"
0.000318668264207197	1.01054142260731	0.073	0	1	"WT mice (Midbrain)"	"GM14853"
0.000364519127837524	0.754794747611887	0.091	0	1	"WT mice (Midbrain)"	"RP23.312A24.1"
0.000370972704214359	0.96438523980277	0.091	0	1	"WT mice (Midbrain)"	"GM5256"
0.000383831907233756	1.06278781254861	0.2	0.017	1	"WT mice (Midbrain)"	"GM8326"
0.000394759019971071	0.915077734889757	0.145	0.006	1	"WT mice (Midbrain)"	"NFASC"
0.000399017044639202	0.69717659490397	0.109	0	1	"WT mice (Midbrain)"	"RHOBTB3"
0.000403089360636085	0.96782978837846	0.564	0.238	1	"WT mice (Midbrain)"	"H2.K1"
0.000427230717413608	0.751671573557789	0.127	0	1	"WT mice (Midbrain)"	"EIF2AK3"
0.000434095624247612	1.1331447803456	0.164	0.012	1	"WT mice (Midbrain)"	"GM5292"
0.000436047559051042	0.727344521479636	0.109	0	1	"WT mice (Midbrain)"	"CDC42BPA"
0.000439727506839181	0.679439543811444	0.109	0	1	"WT mice (Midbrain)"	"NMRAL1"
0.000449243619167839	1.33039303458417	0.145	0.006	1	"WT mice (Midbrain)"	"SNAPC1"
0.00053128543787347	0.688537598358454	0.091	0	1	"WT mice (Midbrain)"	"RHOC"
0.000538161704276878	0.811403723957331	0.091	0	1	"WT mice (Midbrain)"	"GM5445"
0.000557945573696532	0.920559425360291	0.091	0	1	"WT mice (Midbrain)"	"GM12035"
0.000558628446372609	0.693861584110967	0.091	0	1	"WT mice (Midbrain)"	"ZFP286"
0.000568755376245342	0.602560961371654	0.109	0	1	"WT mice (Midbrain)"	"DAB1"
0.000584073454285772	1.04378664533549	0.2	0.017	1	"WT mice (Midbrain)"	"GM6170"
0.00060906668290352	1.30750123787313	0.164	0.012	1	"WT mice (Midbrain)"	"CSF1"
0.000617870294611897	0.987837827864399	0.091	0	1	"WT mice (Midbrain)"	"LMNA"
0.000620547016012246	0.847917250468131	0.182	0.012	1	"WT mice (Midbrain)"	"PLEKHB1"
0.000657941622785238	0.918126669605451	0.091	0	1	"WT mice (Midbrain)"	"CFAP97"
0.000676196257774099	1.11927832491568	0.2	0.029	1	"WT mice (Midbrain)"	"FTH.PS3"
0.000676571250800378	0.912230086038576	0.273	0.047	1	"WT mice (Midbrain)"	"GPATCH8"
0.000686139104647629	1.18404693313212	0.382	0.116	1	"WT mice (Midbrain)"	"FOSB"
0.000687562003172245	0.857540933593023	0.145	0.006	1	"WT mice (Midbrain)"	"DLG1"
0.000696332648796264	0.80488031580969	0.091	0	1	"WT mice (Midbrain)"	"GM7082"
0.000712220728660044	0.767190835337515	0.091	0	1	"WT mice (Midbrain)"	"GM14056"
0.000736692787964141	0.686701159453391	0.109	0	1	"WT mice (Midbrain)"	"SEMA5A"
0.000738048499087664	0.589460372865158	0.109	0	1	"WT mice (Midbrain)"	"SC5D"
0.00074146867050956	0.624777886752094	0.091	0	1	"WT mice (Midbrain)"	"APOBR"
0.000752527211008579	0.814638828997211	0.073	0	1	"WT mice (Midbrain)"	"ADAM9"
0.000758708218275237	1.06144415354472	0.382	0.099	1	"WT mice (Midbrain)"	"SQSTM1"
0.000760205853916422	0.991785998917012	0.2	0.017	1	"WT mice (Midbrain)"	"IFRD1"
0.000761036893275148	0.629181653298465	0.109	0	1	"WT mice (Midbrain)"	"ARL5C"
0.0007723398642218	0.821664487926614	0.109	0	1	"WT mice (Midbrain)"	"EIF2B1"
0.000777370461184223	0.9644227254689	0.073	0	1	"WT mice (Midbrain)"	"PHYKPL"
0.000784550830877177	1.10295047569722	0.182	0.012	1	"WT mice (Midbrain)"	"GM8814"
0.000803152301109235	0.738837775584762	0.091	0	1	"WT mice (Midbrain)"	"GM15766"
0.000819238944027734	1.93245771608981	0.236	0.047	1	"WT mice (Midbrain)"	"CAR2"
0.000835150622901958	0.772822113640763	0.091	0	1	"WT mice (Midbrain)"	"RCAN3"
0.000876443125096652	0.824790613692661	0.091	0	1	"WT mice (Midbrain)"	"RP23.267J18.2"
0.00092371010246318	0.773716548685616	0.145	0.006	1	"WT mice (Midbrain)"	"NAP1L5"
0.000926743263331914	0.906442898817848	0.182	0.012	1	"WT mice (Midbrain)"	"POLR3E"
0.00093308336905736	1.08434509043127	0.182	0.017	1	"WT mice (Midbrain)"	"GM2367"
0.000950152295670874	0.704387772802833	0.091	0	1	"WT mice (Midbrain)"	"CRNDE"
0.000958906619844098	1.0270062374695	0.145	0.006	1	"WT mice (Midbrain)"	"PLEKHO2"
0.000972940679639695	0.705018564015286	0.145	0.006	1	"WT mice (Midbrain)"	"SERPINB1A"
0.000997748606371238	0.768921848864102	0.109	0	1	"WT mice (Midbrain)"	"WDR60"
0.000997748606371238	0.538329147451481	0.109	0	1	"WT mice (Midbrain)"	"CYP2J12"
0.00100769062601499	0.88264644278571	0.073	0	1	"WT mice (Midbrain)"	"GM5599"
0.00101643051253028	0.719720262316647	0.091	0	1	"WT mice (Midbrain)"	"SHISA4"
0.00106447256096446	0.774658833801217	0.073	0	1	"WT mice (Midbrain)"	"GOPC"
0.00107235821596084	0.712036450132403	0.073	0	1	"WT mice (Midbrain)"	"GM6443"
0.00107970979714612	0.768426728227934	0.182	0.023	1	"WT mice (Midbrain)"	"GM6767"
0.00108447908635254	1.24106173757285	0.164	0.017	1	"WT mice (Midbrain)"	"GM6159"
0.00110232160058358	0.6912229854717	0.091	0	1	"WT mice (Midbrain)"	"FAM171B"
0.00111597878652066	0.693570761527078	0.091	0	1	"WT mice (Midbrain)"	"TRMT61A"
0.00112058555315979	0.838732726237208	0.073	0	1	"WT mice (Midbrain)"	"GM4607"
0.00113170672354794	0.947669934788068	0.145	0.012	1	"WT mice (Midbrain)"	"GM26532"
0.00115089877505908	0.737690117773152	0.091	0	1	"WT mice (Midbrain)"	"GM42689"
0.00122165104631274	0.848788515028819	0.182	0.017	1	"WT mice (Midbrain)"	"MDM2"
0.00126424831812879	0.611291688132	0.091	0	1	"WT mice (Midbrain)"	"CNN3"
0.00130527570150372	1.18206328930351	0.291	0.07	1	"WT mice (Midbrain)"	"METAP2"
0.00133978583898099	1.14502308873215	0.182	0.017	1	"WT mice (Midbrain)"	"TIMM17A"
0.00134173835085846	0.694137900010342	0.073	0	1	"WT mice (Midbrain)"	"GM11524"
0.00135479686774252	0.703370561482903	0.345	0.099	1	"WT mice (Midbrain)"	"ATF4"
0.00137235767901623	1.1029362611442	0.2	0.023	1	"WT mice (Midbrain)"	"PRNP"
0.00141120847657934	0.575415748375107	0.091	0	1	"WT mice (Midbrain)"	"GM11718"
0.00143070049626152	0.747851496223775	0.091	0	1	"WT mice (Midbrain)"	"GM14023"
0.00143159326113768	0.614624095890352	0.091	0	1	"WT mice (Midbrain)"	"MTFR1"
0.00143159326113768	0.614624095890352	0.091	0	1	"WT mice (Midbrain)"	"UNC5B"
0.00146201068796923	0.858683036615315	0.182	0.012	1	"WT mice (Midbrain)"	"GTF2E2"
0.00148387040988669	1.12275596690821	0.291	0.064	1	"WT mice (Midbrain)"	"GM5822"
0.00149091279661029	0.543944050926325	0.091	0	1	"WT mice (Midbrain)"	"ACTA1"
0.00153159011431879	0.732212185700561	0.091	0	1	"WT mice (Midbrain)"	"SRXN1"
0.00153760825118018	1.05168261104755	0.055	0	1	"WT mice (Midbrain)"	"GM12057"
0.00154813100329399	0.629005472224914	0.073	0	1	"WT mice (Midbrain)"	"GM15732"
0.0015716090154255	0.685407469977758	0.073	0	1	"WT mice (Midbrain)"	"GM17150"
0.00160274162084515	1.13530171710978	0.164	0.012	1	"WT mice (Midbrain)"	"S100B"
0.00164296240176518	0.607646997303403	0.073	0	1	"WT mice (Midbrain)"	"GM13047"
0.00165359599950081	0.740849616345618	0.091	0	1	"WT mice (Midbrain)"	"GALNT6"
0.00169049267308984	0.762051232153753	0.091	0	1	"WT mice (Midbrain)"	"ZFP365"
0.00169068895277585	1.0044416276739	0.255	0.058	1	"WT mice (Midbrain)"	"FAM46C"
0.00172283895064625	0.911951754804851	0.109	0.006	1	"WT mice (Midbrain)"	"NOTCH1"
0.00172338350013166	0.737763478831948	0.164	0.012	1	"WT mice (Midbrain)"	"ERRFI1"
0.00175249229066975	0.599672893525149	0.091	0	1	"WT mice (Midbrain)"	"GM1848"
0.00177222940042413	0.973940255506502	0.218	0.035	1	"WT mice (Midbrain)"	"GPM6B"
0.00177482426639458	0.529683275591998	0.091	0	1	"WT mice (Midbrain)"	"SPOCK1"
0.00177760697672173	0.578966342661086	0.109	0	1	"WT mice (Midbrain)"	"OPTN"
0.00178045516703942	0.605292151714935	0.091	0	1	"WT mice (Midbrain)"	"SOX8"
0.00178802606275304	0.604140837173185	0.073	0	1	"WT mice (Midbrain)"	"GM5110"
0.00184659492933362	0.71446691137907	0.073	0	1	"WT mice (Midbrain)"	"RBM38"
0.00186224652747635	0.620663595735905	0.109	0	1	"WT mice (Midbrain)"	"TNF"
0.00190793380964192	0.966658330125072	0.164	0.012	1	"WT mice (Midbrain)"	"MARCKSL1"
0.00195223726032479	0.907981595671636	0.055	0	1	"WT mice (Midbrain)"	"GBP2"
0.0019524107781915	0.980390733431367	0.164	0.012	1	"WT mice (Midbrain)"	"KLF9"
0.00196875539002165	0.523170705509862	0.091	0	1	"WT mice (Midbrain)"	"E330009J07RIK"
0.0020048461187877	0.593709893410064	0.073	0	1	"WT mice (Midbrain)"	"GM11703"
0.0020073228957188	0.86078313113832	0.073	0	1	"WT mice (Midbrain)"	"GM17994"
0.00202627141546229	0.62366952595955	0.091	0	1	"WT mice (Midbrain)"	"ANK3"
0.00207227545635552	0.601771747418416	0.091	0	1	"WT mice (Midbrain)"	"FBXO3"
0.00207894024559296	0.52281950354071	0.091	0	1	"WT mice (Midbrain)"	"ENHO"
0.00208965279129203	0.758764433570152	0.091	0	1	"WT mice (Midbrain)"	"ADAMTSL4"
0.00208965279129203	0.585102925705799	0.091	0	1	"WT mice (Midbrain)"	"LHFPL4"
0.00210712396040814	1.17228461246216	0.255	0.047	1	"WT mice (Midbrain)"	"GM4760"
0.00210931577724665	2.04352766099327	0.182	0.052	1	"WT mice (Midbrain)"	"APOD"
0.00220083574474042	0.891597810124442	0.255	0.052	1	"WT mice (Midbrain)"	"FAM21"
0.00221157399123765	0.580321232424232	0.091	0	1	"WT mice (Midbrain)"	"RCBTB1"
0.00224339782964217	1.21703767561128	0.145	0.006	1	"WT mice (Midbrain)"	"TSPAN2"
0.00225404354475381	1.49506682380167	0.073	0	1	"WT mice (Midbrain)"	"HMGN5"
0.00228515745478369	0.773145738429748	0.418	0.157	1	"WT mice (Midbrain)"	"EIF3A"
0.00230815378619784	0.501667924616506	0.091	0	1	"WT mice (Midbrain)"	"GJB1"
0.002412145281481	0.684375203739613	0.073	0	1	"WT mice (Midbrain)"	"FUNDC1"
0.00241882942281082	0.657635201527001	0.527	0.221	1	"WT mice (Midbrain)"	"EVI2A"
0.00242855727393126	0.786475056687617	0.073	0	1	"WT mice (Midbrain)"	"1810032O08RIK"
0.00243755685569701	0.750712328337453	0.073	0	1	"WT mice (Midbrain)"	"TNFAIP1"
0.00243900995239	1.12825101535475	0.2	0.023	1	"WT mice (Midbrain)"	"PDE4B"
0.0025331575409681	0.536843896984185	0.218	0.035	1	"WT mice (Midbrain)"	"GM5558"
0.00260065556197564	0.74530910033895	0.073	0	1	"WT mice (Midbrain)"	"GM15791"
0.00260386807901983	0.693449670776632	0.073	0	1	"WT mice (Midbrain)"	"PPP1R3B"
0.00266371417866098	0.480283756241841	0.091	0	1	"WT mice (Midbrain)"	"SERPIND1"
0.00266371417866098	0.480283756241841	0.091	0	1	"WT mice (Midbrain)"	"STAT5A"
0.00267428039967894	0.489064611291697	0.091	0	1	"WT mice (Midbrain)"	"GM12230"
0.0027205932493292	0.605316162494632	0.073	0	1	"WT mice (Midbrain)"	"ACTC1"
0.0027982594999467	0.548510587628709	0.745	0.436	1	"WT mice (Midbrain)"	"HSPA5"
0.00280854877277611	0.655234035522904	0.127	0.006	1	"WT mice (Midbrain)"	"CDKN2D"
0.00304893085286848	0.947362793616235	0.109	0.006	1	"WT mice (Midbrain)"	"GM16210"
0.00309202192485072	0.946569880253369	0.164	0.012	1	"WT mice (Midbrain)"	"RBM8A2"
0.00314435021648931	0.463005983622047	0.145	0.012	1	"WT mice (Midbrain)"	"MED31"
0.00324633725860892	1.03114758580913	0.255	0.064	1	"WT mice (Midbrain)"	"GOLGB1"
0.00325170981235274	0.702233889786038	0.109	0.006	1	"WT mice (Midbrain)"	"GM5921"
0.00325183397993104	1.16997946680664	0.127	0.006	1	"WT mice (Midbrain)"	"KDM6B"
0.00335579031124679	0.702688565407188	0.073	0	1	"WT mice (Midbrain)"	"GM5879"
0.00337699615345004	0.675125980441796	0.582	0.285	1	"WT mice (Midbrain)"	"GNAS"
0.00337891991684546	0.64670235126983	0.073	0	1	"WT mice (Midbrain)"	"ZFP979"
0.00341204818583976	0.695706268344807	0.382	0.122	1	"WT mice (Midbrain)"	"SKIL"
0.00343690172663397	0.471001344440838	0.091	0	1	"WT mice (Midbrain)"	"GOT1"
0.00350613609661351	1.02558568193072	0.382	0.145	1	"WT mice (Midbrain)"	"GM12346"
0.00359318006137684	0.875579170798357	0.145	0.012	1	"WT mice (Midbrain)"	"PTPRD"
0.0036220691947027	0.560959121500914	0.073	0	1	"WT mice (Midbrain)"	"DBNDD2"
0.00364572063763343	0.483887847199191	0.091	0	1	"WT mice (Midbrain)"	"MYO1C"
0.00365830541719565	0.471798502491891	0.091	0	1	"WT mice (Midbrain)"	"TNFAIP6"
0.00365863491318254	0.493145109892391	0.073	0	1	"WT mice (Midbrain)"	"TPT1.PS2"
0.00372832684186027	0.675254785428408	0.055	0	1	"WT mice (Midbrain)"	"GM9132"
0.00383783024219932	0.508427850935658	0.073	0	1	"WT mice (Midbrain)"	"MMD2"
0.00385056347321342	1.06759508214709	0.2	0.035	1	"WT mice (Midbrain)"	"GM42573"
0.00385862232602665	1.04950797603051	0.127	0.006	1	"WT mice (Midbrain)"	"GM14165"
0.0039144510062591	0.914812758758532	0.255	0.058	1	"WT mice (Midbrain)"	"BRD2"
0.00396839469457511	0.550996736225731	0.073	0	1	"WT mice (Midbrain)"	"NSUN4"
0.00407012172919256	0.619039934795946	0.073	0	1	"WT mice (Midbrain)"	"CLIP3"
0.00409477356047883	0.56671066313615	0.091	0	1	"WT mice (Midbrain)"	"PIK3IP1"
0.00409800054635581	0.915298138048629	0.182	0.023	1	"WT mice (Midbrain)"	"DPM2"
0.0041587951109085	0.777361288534736	0.164	0.012	1	"WT mice (Midbrain)"	"CCNC"
0.00417612761082888	1.35645277270003	0.182	0.023	1	"WT mice (Midbrain)"	"ATAD2B"
0.00425296077390304	0.72593474548161	0.236	0.052	1	"WT mice (Midbrain)"	"SMC6"
0.00428999340202148	0.900160866526361	0.127	0.012	1	"WT mice (Midbrain)"	"TPT1.PS5"
0.00432329080179801	0.797317588927134	0.073	0	1	"WT mice (Midbrain)"	"GM5340"
0.00433568211763326	0.8394004535033	0.127	0.006	1	"WT mice (Midbrain)"	"GM6485"
0.00437838110323285	0.712628310077603	0.055	0	1	"WT mice (Midbrain)"	"RP23.42N8.2"
0.00442506729499518	0.934388182212697	0.273	0.07	1	"WT mice (Midbrain)"	"VWA1"
0.00448240475085589	1.00261329239623	0.4	0.157	1	"WT mice (Midbrain)"	"MCL1"
0.00448990923137695	0.873487449323198	0.055	0	1	"WT mice (Midbrain)"	"PSMC3IP"
0.004494960926909	1.00586815524184	0.164	0.017	1	"WT mice (Midbrain)"	"GM15400"
0.00456447118568587	0.499679036770945	0.073	0	1	"WT mice (Midbrain)"	"RPIA"
0.00460801103547348	0.566954433473361	0.2	0.029	1	"WT mice (Midbrain)"	"NAGA"
0.00465608327190415	0.529668926674067	0.073	0	1	"WT mice (Midbrain)"	"PAQR8"
0.0046567160383308	1.07418438497993	0.236	0.052	1	"WT mice (Midbrain)"	"KIF1B"
0.00466660999248869	0.575505008399773	0.055	0	1	"WT mice (Midbrain)"	"GM28118"
0.00467938646826375	0.570481353393684	0.055	0	1	"WT mice (Midbrain)"	"GM9497"
0.00472427133818918	0.66106943552034	0.055	0	1	"WT mice (Midbrain)"	"UHRF1BP1L"
0.00481808894960995	0.806773024602769	0.055	0	1	"WT mice (Midbrain)"	"GM8596"
0.00489832807159345	0.516726489613406	0.091	0	1	"WT mice (Midbrain)"	"1700063D05RIK"
0.00489832807159345	0.42589467271385	0.091	0	1	"WT mice (Midbrain)"	"IFT80"
0.00489832807159345	0.42589467271385	0.091	0	1	"WT mice (Midbrain)"	"KLF11"
0.00490448133014243	1.71102709255583	0.2	0.047	1	"WT mice (Midbrain)"	"CRYAB"
0.00493948482380369	0.558059201091775	0.055	0	1	"WT mice (Midbrain)"	"GM16061"
0.00499591899865924	0.550239354962378	0.055	0	1	"WT mice (Midbrain)"	"NEXN"
0.00503037782854272	0.768235499176834	0.073	0	1	"WT mice (Midbrain)"	"5730508B09RIK"
0.00504271286793959	0.674022378648883	0.055	0	1	"WT mice (Midbrain)"	"GM43973"
0.00505613608114422	0.693128231469375	0.055	0	1	"WT mice (Midbrain)"	"GM12587"
0.00510917878470171	0.468307300015556	0.073	0	1	"WT mice (Midbrain)"	"GM4799"
0.005110069794486	0.619644823243761	0.055	0	1	"WT mice (Midbrain)"	"RP24.246F10.4"
0.00520197163162963	0.545422175173398	0.055	0	1	"WT mice (Midbrain)"	"SLC7A10"
0.00522942005272675	0.533489714430123	0.055	0	1	"WT mice (Midbrain)"	"PGPEP1"
0.00524748616970326	0.698232609696095	0.127	0.006	1	"WT mice (Midbrain)"	"UTP20"
0.0053015706440388	0.876713654105523	0.182	0.023	1	"WT mice (Midbrain)"	"TXNRD1"
0.00543490912554917	0.444207639891266	0.073	0	1	"WT mice (Midbrain)"	"KCNJ10"
0.00547325378057868	0.435714747051203	0.709	0.413	1	"WT mice (Midbrain)"	"H2.D1"
0.00547756350940914	0.823216458539659	0.055	0	1	"WT mice (Midbrain)"	"ZFP386"
0.00556139249717941	0.756909366352539	0.255	0.058	1	"WT mice (Midbrain)"	"UBE2L3"
0.00557166396719474	0.433432427533114	0.073	0	1	"WT mice (Midbrain)"	"GM6276"
0.00565260386299254	0.693119949007892	0.073	0	1	"WT mice (Midbrain)"	"GM5278"
0.00566207667128107	0.749971283765218	0.164	0.023	1	"WT mice (Midbrain)"	"GTF2B"
0.00567261214437106	1.51198547569439	0.236	0.076	1	"WT mice (Midbrain)"	"MAG"
0.00572357334516377	0.539552393655617	0.073	0	1	"WT mice (Midbrain)"	"GRM7"
0.00574997282274779	0.459283912856945	0.073	0	1	"WT mice (Midbrain)"	"LGI3"
0.00581942042386769	0.775791154151552	0.055	0	1	"WT mice (Midbrain)"	"IL1RL2"
0.00585745041414247	0.889358263060844	0.291	0.07	1	"WT mice (Midbrain)"	"GM10250"
0.00586796793912793	0.506590618750162	0.055	0	1	"WT mice (Midbrain)"	"GM4217"
0.00596223423487158	0.499288988564911	0.055	0	1	"WT mice (Midbrain)"	"ARNTL"
0.00598735991490896	0.514024541518406	0.2	0.035	1	"WT mice (Midbrain)"	"CCRL2"
0.00599646636751772	0.551612764987603	0.055	0	1	"WT mice (Midbrain)"	"ZSCAN21"
0.00600576234739693	0.424090141038259	0.073	0	1	"WT mice (Midbrain)"	"ARHGEF28"
0.00604781634436521	0.591148850603447	0.218	0.047	1	"WT mice (Midbrain)"	"CTNNA1"
0.00617536355545946	0.970574821115756	0.127	0.006	1	"WT mice (Midbrain)"	"SOX2OT"
0.0061974105547802	0.513934939947889	0.055	0	1	"WT mice (Midbrain)"	"HMGB1.PS7"
0.00650122310239857	0.649499086559625	0.055	0	1	"WT mice (Midbrain)"	"GM6900"
0.00656919109855253	0.828804142112255	0.145	0.012	1	"WT mice (Midbrain)"	"MAP1A"
0.00658775013522363	0.974926183846428	0.164	0.017	1	"WT mice (Midbrain)"	"PDE6D"
0.00660641349546112	1.15137349439105	0.255	0.064	1	"WT mice (Midbrain)"	"APLP1"
0.00663708108950511	0.627205192315653	0.055	0	1	"WT mice (Midbrain)"	"NCALD"
0.0066500033365746	0.491436182868221	0.073	0	1	"WT mice (Midbrain)"	"SH3GL3"
0.00666405047890064	0.857625327853284	0.127	0.006	1	"WT mice (Midbrain)"	"EPB41L3"
0.00668580138553851	0.545555234080061	0.073	0	1	"WT mice (Midbrain)"	"TIPARP"
0.00673086003518259	0.528174760100954	0.073	0	1	"WT mice (Midbrain)"	"CLEC7A"
0.00675596198710911	1.02832210510778	0.182	0.023	1	"WT mice (Midbrain)"	"AIG1"
0.00677438751592297	0.95892158759489	0.127	0.012	1	"WT mice (Midbrain)"	"TBCC"
0.00688195066688002	0.660785571442091	0.055	0	1	"WT mice (Midbrain)"	"GM5575"
0.00696209078398637	0.835376774080135	0.2	0.029	1	"WT mice (Midbrain)"	"ANXA5"
0.00700017927150818	0.91923013586946	0.164	0.023	1	"WT mice (Midbrain)"	"GM9701"
0.00700865144296144	0.424392426997269	0.073	0	1	"WT mice (Midbrain)"	"TMEM98"
0.00702924493992386	0.672632685204206	0.055	0	1	"WT mice (Midbrain)"	"GM13492"
0.00704501297799105	0.764786787329077	0.127	0.006	1	"WT mice (Midbrain)"	"FERMT2"
0.00711379804856589	0.605779393623839	0.073	0	1	"WT mice (Midbrain)"	"EGR2"
0.00711899305169894	0.545309231838832	0.2	0.035	1	"WT mice (Midbrain)"	"ANKRD12"
0.00712504621412291	0.726774829474307	0.218	0.041	1	"WT mice (Midbrain)"	"HN1"
0.00719918105218989	0.676102372359345	0.164	0.017	1	"WT mice (Midbrain)"	"WBSCR22"
0.00736964929548389	0.578969022543387	0.073	0	1	"WT mice (Midbrain)"	"EML1"
0.00740568581106299	0.461930631739728	0.055	0	1	"WT mice (Midbrain)"	"GM6407"
0.00740994882506331	0.555891783191419	0.073	0	1	"WT mice (Midbrain)"	"PCDH9"
0.00751069616020072	0.940143000522962	0.2	0.035	1	"WT mice (Midbrain)"	"TGIF1"
0.00752598078585249	0.51011204482542	0.055	0	1	"WT mice (Midbrain)"	"GM12176"
0.00752598078585249	0.51011204482542	0.055	0	1	"WT mice (Midbrain)"	"GM16071"
0.00755532266306363	1.08214541797899	0.164	0.023	1	"WT mice (Midbrain)"	"MLLT10"
0.00764669342919138	0.497751460765227	0.073	0	1	"WT mice (Midbrain)"	"KBTBD4"
0.0078204230299874	0.489656357125737	0.055	0	1	"WT mice (Midbrain)"	"ACTG2"
0.00791903363996514	0.844180964589284	0.236	0.052	1	"WT mice (Midbrain)"	"TOB2"
0.0080518333407185	0.398988074901996	0.073	0	1	"WT mice (Midbrain)"	"KIF5C"
0.00810772392706488	0.500535709886132	0.073	0	1	"WT mice (Midbrain)"	"A230001M10RIK"
0.00822505157144232	0.54700432503911	0.236	0.047	1	"WT mice (Midbrain)"	"IRF1"
0.00824154585844421	0.63901358085697	0.109	0.006	1	"WT mice (Midbrain)"	"SEZ6L2"
0.00861672897097017	0.785819457672688	0.291	0.203	1	"WT mice (Midbrain)"	"RTN4"
0.00879721989660243	0.732362394922492	0.255	0.07	1	"WT mice (Midbrain)"	"ROCK1"
0.00882695390416883	0.58478622564604	0.127	0.012	1	"WT mice (Midbrain)"	"OMG"
0.00892237723278756	0.830970081452116	0.091	0.006	1	"WT mice (Midbrain)"	"TRIM47"
0.00892413079077158	0.789092644483911	0.091	0.006	1	"WT mice (Midbrain)"	"HAUS3"
0.00893187707134052	1.00386301079679	0.182	0.029	1	"WT mice (Midbrain)"	"NOP14"
0.00893414562738247	1.03525859099955	0.164	0.029	1	"WT mice (Midbrain)"	"GM13341"
0.00902606005218671	0.605841703280197	0.182	0.035	1	"WT mice (Midbrain)"	"CHPT1"
0.0090901127040619	0.739135116565432	0.127	0.012	1	"WT mice (Midbrain)"	"CTDP1"
0.00913977716748851	1.27262749921847	0.418	0.256	1	"WT mice (Midbrain)"	"SEPT7"
0.0092817632218738	0.729712503793214	0.255	0.058	1	"WT mice (Midbrain)"	"APLP2"
0.00937981705221949	0.497089182712182	0.055	0	1	"WT mice (Midbrain)"	"TMEM229A"
0.00940060867059359	0.409633310875218	0.073	0	1	"WT mice (Midbrain)"	"1700047M11RIK"
0.00943016516868647	0.691310674568409	0.218	0.052	1	"WT mice (Midbrain)"	"GM4859"
0.00947917325948813	0.462723693556062	0.055	0	1	"WT mice (Midbrain)"	"GM4968"
0.00961735363555975	0.408523278941463	0.073	0	1	"WT mice (Midbrain)"	"MBLAC2"
0.00966959237436986	0.932415665898	0.273	0.07	1	"WT mice (Midbrain)"	"GM5160"
0.00967399086184108	0.815126800763249	0.145	0.023	1	"WT mice (Midbrain)"	"GM6075"
0.00967520454280439	0.436904847449997	0.055	0	1	"WT mice (Midbrain)"	"GM44279"
0.00969323584300659	0.660535663021477	0.055	0	1	"WT mice (Midbrain)"	"GM11483"
0.00969328041891605	0.663310215930058	0.273	0.081	1	"WT mice (Midbrain)"	"GM13456"
0.0098128965548061	0.504780307973827	0.182	0.029	1	"WT mice (Midbrain)"	"CFL2"
0.00995505193915309	0.679806829676351	0.182	0.029	1	"WT mice (Midbrain)"	"VAMP4"
4.54082730308143e-38	3.65133487144288	0.913	0.055	6.10559639172328e-34	"WT mice (Striatum)"	"TTR"
2.43650036164153e-07	1.16806097992781	0.634	0.273	0.00327611838626321	"WT mice (Striatum)"	"FCRLS"
5.37249379366511e-07	1.97523342950829	0.215	0	0.0072238551549621	"WT mice (Striatum)"	"HSPA1B"
8.99598219078094e-07	0.648232132039648	0.936	0.727	0.012095997653724	"WT mice (Striatum)"	"C1QA"
1.42835853940332e-06	1.23388616607959	0.465	0.182	0.019205708920817	"WT mice (Striatum)"	"AC149090.1"
1.76116496880983e-06	1.31266167693546	0.576	0.255	0.023680624170617	"WT mice (Striatum)"	"TMEM119"
2.04108417493185e-06	1.62964559542654	0.203	0	0.0274444178161336	"WT mice (Striatum)"	"SLC2A5"
2.54100718507034e-06	0.922144566316809	0.762	0.491	0.0341663826104557	"WT mice (Striatum)"	"SERINC3"
4.41965410787155e-06	1.27167875320523	0.157	0	0.0594266691344409	"WT mice (Striatum)"	"MLXIPL"
7.29206374814858e-06	1.36400168198145	0.163	0	0.0980490891576058	"WT mice (Striatum)"	"TMEM86A"
1.0548736612502e-05	1.33761253589936	0.151	0	0.141838312491702	"WT mice (Striatum)"	"LST1"
1.52124111211322e-05	0.932544212777316	0.721	0.491	0.204546079934743	"WT mice (Striatum)"	"SELPLG"
1.86945429487467e-05	1.29380576679414	0.151	0	0.251366824488848	"WT mice (Striatum)"	"HPS4"
2.40983258304375e-05	0.815420220230977	0.384	0.127	0.324026089116062	"WT mice (Striatum)"	"LPCAT2"
2.634450841797e-05	1.11806275881658	0.134	0	0.354228260188024	"WT mice (Striatum)"	"GNA15"
2.83619648440918e-05	1.06326870461905	0.517	0.236	0.381354979293658	"WT mice (Striatum)"	"IVNS1ABP"
2.89508582427743e-05	1.26794563236638	0.14	0	0.389273239932343	"WT mice (Striatum)"	"ARHGAP30"
3.80990873266813e-05	0.620478962297278	0.448	0.2	0.512280328194557	"WT mice (Striatum)"	"MERTK"
4.32991965055081e-05	1.3358832722321	0.145	0	0.582200996213062	"WT mice (Striatum)"	"E230029C05RIK"
5.81557177484755e-05	1.09964434157362	0.134	0	0.781961780846002	"WT mice (Striatum)"	"G530011O06RIK"
6.67665589717209e-05	0.869976274738244	0.756	0.564	0.897743151933759	"WT mice (Striatum)"	"LGMN"
7.74172776317464e-05	1.15776904757363	0.122	0	1	"WT mice (Striatum)"	"EIF1B"
0.000104058103399442	1.05801330794135	0.128	0	1	"WT mice (Striatum)"	"ADGRE1"
0.000105251258693794	1.03648727139238	0.116	0	1	"WT mice (Striatum)"	"SLC7A8"
0.000131458522595623	0.954264436431617	0.11	0	1	"WT mice (Striatum)"	"U2AF2"
0.000134555950204903	0.975129380091842	0.105	0	1	"WT mice (Striatum)"	"CLEC4A2"
0.000136806364526964	1.15171242740882	0.128	0	1	"WT mice (Striatum)"	"I830077J02RIK"
0.000139345899779522	0.636153404982434	0.564	0.291	1	"WT mice (Striatum)"	"RGS10"
0.000151530345084659	0.503615945799327	0.07	0	1	"WT mice (Striatum)"	"RENBP"
0.000191537672448691	1.09847143193289	0.116	0	1	"WT mice (Striatum)"	"PIK3CD"
0.000258931029648603	1.2252990745197	0.18	0.018	1	"WT mice (Striatum)"	"SCARB2"
0.000260858459136354	0.842634596949592	0.814	0.636	1	"WT mice (Striatum)"	"P2RY12"
0.000275621423826408	0.806720337866921	0.093	0	1	"WT mice (Striatum)"	"GM9025"
0.000285388282061117	0.973455730829418	0.105	0	1	"WT mice (Striatum)"	"CLEC4A3"
0.000308931644396048	1.10579893836088	0.116	0	1	"WT mice (Striatum)"	"COX7A2"
0.000317636821350813	0.745923311497348	0.093	0	1	"WT mice (Striatum)"	"TNFRSF1B"
0.000340566084498439	1.22689673946099	0.122	0	1	"WT mice (Striatum)"	"CD180"
0.000366647489417412	0.688161153932782	0.081	0	1	"WT mice (Striatum)"	"SRP19"
0.000370195617287299	0.870107457559129	0.302	0.127	1	"WT mice (Striatum)"	"GNS"
0.000370534211607629	1.11640129740429	0.128	0	1	"WT mice (Striatum)"	"RASAL3"
0.000400212689034087	1.09336433852814	0.11	0	1	"WT mice (Striatum)"	"ADORA3"
0.000446704580575615	0.90798617510318	0.099	0	1	"WT mice (Striatum)"	"GPSM3"
0.000524818686661347	1.07346772956768	0.267	0.091	1	"WT mice (Striatum)"	"RNASET2A"
0.000529796828701268	0.766410592349951	0.087	0	1	"WT mice (Striatum)"	"PTP4A3"
0.000557479546589467	0.73814017557885	0.081	0	1	"WT mice (Striatum)"	"PRCP"
0.000598817774943787	1.13099011728628	0.116	0	1	"WT mice (Striatum)"	"MIR142HG"
0.00062509496301358	0.336677729375923	0.052	0	1	"WT mice (Striatum)"	"CCDC107"
0.000671324330566379	0.889899774790101	0.093	0	1	"WT mice (Striatum)"	"XLR"
0.000693161493113795	0.551887975229947	0.07	0	1	"WT mice (Striatum)"	"SLC7A7"
0.000695218566600393	0.89496272203094	0.093	0	1	"WT mice (Striatum)"	"SLC25A37"
0.000735066762602471	0.828161276461598	0.221	0.073	1	"WT mice (Striatum)"	"RNASET2B"
0.000821744037716898	1.17667568520954	0.11	0	1	"WT mice (Striatum)"	"BLNK"
0.000829897369043196	0.970121197147612	0.099	0	1	"WT mice (Striatum)"	"CAPN3"
0.000926798879707826	0.819019007787757	0.087	0	1	"WT mice (Striatum)"	"PIK3CG"
0.00101843038180432	0.697244475763178	0.076	0	1	"WT mice (Striatum)"	"KDELR2"
0.00102594487503616	0.745781377579792	0.087	0	1	"WT mice (Striatum)"	"GM13196"
0.00117160882499982	0.92177143126987	0.099	0	1	"WT mice (Striatum)"	"TCEA1"
0.00121191153935788	0.840972577978796	0.198	0.055	1	"WT mice (Striatum)"	"FSCN1"
0.00123949742228158	0.630427377297714	0.674	0.473	1	"WT mice (Striatum)"	"SIGLECH"
0.00125518186444437	0.865995131618454	0.087	0	1	"WT mice (Striatum)"	"CTSO"
0.00130356976118679	0.98728222846953	0.145	0.018	1	"WT mice (Striatum)"	"CSK"
0.001329799058332	0.756061971744885	0.081	0	1	"WT mice (Striatum)"	"H2.DMB1"
0.00133675730345495	0.80112431882959	0.081	0	1	"WT mice (Striatum)"	"GART"
0.00133935684686771	0.35044902280652	0.674	0.527	1	"WT mice (Striatum)"	"CTSB"
0.0014025598968702	0.770484693776574	0.081	0	1	"WT mice (Striatum)"	"NPL"
0.00140589195991813	0.948082526085009	0.099	0	1	"WT mice (Striatum)"	"TCEA1.PS1"
0.00142254540537773	0.852702893327613	0.087	0	1	"WT mice (Striatum)"	"CDK5R1"
0.00149184694746633	0.802298358760371	0.087	0	1	"WT mice (Striatum)"	"WAS"
0.0015063623809498	0.711613469972972	0.081	0	1	"WT mice (Striatum)"	"ABCC3"
0.00156983341742992	0.683560832063913	0.076	0	1	"WT mice (Striatum)"	"HCK"
0.00159464970774905	0.66270805686178	0.076	0	1	"WT mice (Striatum)"	"SLC4A7"
0.00162913602190804	0.912191925808712	0.087	0	1	"WT mice (Striatum)"	"ARHGEF40"
0.00172472079822107	0.613544682357237	0.75	0.582	1	"WT mice (Striatum)"	"MARCKS"
0.00173415244999891	0.695061978863443	0.076	0	1	"WT mice (Striatum)"	"RTFDC1"
0.00176401906442656	0.635199788556015	0.07	0	1	"WT mice (Striatum)"	"TMEM37"
0.00178699766672706	0.692959528744099	0.593	0.382	1	"WT mice (Striatum)"	"GPR34"
0.00181452421834304	0.522316912115587	0.064	0	1	"WT mice (Striatum)"	"GRCC10"
0.00183196203444617	0.87565008220567	0.087	0	1	"WT mice (Striatum)"	"CMTM7"
0.00185066054047603	0.890354874290364	0.087	0	1	"WT mice (Striatum)"	"PLEKHJ1"
0.00189170593826707	0.726395947076085	0.36	0.182	1	"WT mice (Striatum)"	"TXNIP"
0.00199145091756066	0.782875707329805	0.081	0	1	"WT mice (Striatum)"	"COMTD1"
0.00202673616415886	0.525772965255873	0.058	0	1	"WT mice (Striatum)"	"MFHAS1"
0.00208555890330628	0.997819088691437	0.093	0	1	"WT mice (Striatum)"	"MLPH"
0.00210334137918075	0.953203944101307	0.093	0	1	"WT mice (Striatum)"	"PLCL2"
0.00221383994920211	0.548201744505208	0.064	0	1	"WT mice (Striatum)"	"YPEL5"
0.00232284591345222	0.936824696778092	0.093	0	1	"WT mice (Striatum)"	"FMNL1"
0.00234219345022256	0.844538361100519	0.081	0	1	"WT mice (Striatum)"	"ALG5"
0.00238915579067359	0.960714567633881	0.087	0	1	"WT mice (Striatum)"	"PTOV1"
0.0024008086542384	0.636233269711017	0.064	0	1	"WT mice (Striatum)"	"ARRDC1"
0.00242042816928734	0.785638140416217	0.076	0	1	"WT mice (Striatum)"	"P2RY6"
0.00247969834721204	0.84138595868719	0.081	0	1	"WT mice (Striatum)"	"PKN1"
0.00255777487005826	0.526508390581353	0.227	0.073	1	"WT mice (Striatum)"	"PYCARD"
0.00255802816842765	0.577844606175978	0.064	0	1	"WT mice (Striatum)"	"TIFA"
0.00259404280376615	0.240353400064593	0.041	0	1	"WT mice (Striatum)"	"RPF2"
0.00259758689427028	0.552775961959453	0.058	0	1	"WT mice (Striatum)"	"SPPL3"
0.00263858861412837	0.53524688007295	0.064	0	1	"WT mice (Striatum)"	"RAC2"
0.0026779152457915	0.881448205232507	0.087	0	1	"WT mice (Striatum)"	"MAPK14"
0.00281625262031327	0.630964569496855	0.07	0	1	"WT mice (Striatum)"	"VPS9D1"
0.00286247492009965	0.397606420142253	0.052	0	1	"WT mice (Striatum)"	"WDFY4"
0.00288799473207502	1.01192677997455	0.093	0	1	"WT mice (Striatum)"	"IRAK1"
0.00289598860665631	0.319596048597515	0.041	0	1	"WT mice (Striatum)"	"CNN2"
0.00294722819223906	0.537036259073573	0.93	0.855	1	"WT mice (Striatum)"	"C1QC"
0.00299971357734715	0.789508300299102	0.081	0	1	"WT mice (Striatum)"	"CRYBA4"
0.00302912611371095	0.792714259280989	0.081	0	1	"WT mice (Striatum)"	"TLR13"
0.00303559913938063	0.334107499855139	0.041	0	1	"WT mice (Striatum)"	"TET2"
0.00318794662357574	0.533520340190413	0.052	0	1	"WT mice (Striatum)"	"CNPY3"
0.00322101438944988	0.88452240161657	0.209	0.073	1	"WT mice (Striatum)"	"RTN3"
0.00331628405054101	0.91857170503844	0.14	0.018	1	"WT mice (Striatum)"	"TWF2"
0.00335954292774371	0.632505622774902	0.064	0	1	"WT mice (Striatum)"	"COPS3"
0.00347184731989561	0.666691634711599	0.07	0	1	"WT mice (Striatum)"	"TTC5"
0.00349190316843414	0.435884665420977	0.052	0	1	"WT mice (Striatum)"	"TNFRSF17"
0.00350163661383955	0.487186784840808	0.052	0	1	"WT mice (Striatum)"	"COX14"
0.00363523439707567	0.936960831431084	0.081	0	1	"WT mice (Striatum)"	"PIK3CA"
0.00373647800110964	0.911656099718796	0.081	0	1	"WT mice (Striatum)"	"TIFAB"
0.00374054288654511	0.944536777415047	0.36	0.218	1	"WT mice (Striatum)"	"LAPTM4A"
0.003751838080909	0.690776293633239	0.512	0.327	1	"WT mice (Striatum)"	"OLFML3"
0.0037585184522318	0.698547252803708	0.378	0.218	1	"WT mice (Striatum)"	"P2RY13"
0.00377668139381778	0.603420728553989	0.064	0	1	"WT mice (Striatum)"	"RP23.88C11.5"
0.00377722121165307	1.13489834098002	0.198	0.055	1	"WT mice (Striatum)"	"ARPC4"
0.00379745402538907	0.936892477774776	0.093	0	1	"WT mice (Striatum)"	"MED12L"
0.00381106592091492	0.600337708049342	0.064	0	1	"WT mice (Striatum)"	"GM6272"
0.00383118448260976	0.700950262915411	0.07	0	1	"WT mice (Striatum)"	"ARAP3"
0.00385683705029848	0.418551438430839	0.052	0	1	"WT mice (Striatum)"	"CYP4V3"
0.00387356636369985	0.694856415020923	0.07	0	1	"WT mice (Striatum)"	"FAM167B"
0.00390652076144571	0.543072954189793	0.052	0	1	"WT mice (Striatum)"	"A230046K03RIK"
0.00401133905569204	0.660955395322638	0.07	0	1	"WT mice (Striatum)"	"NEK9"
0.0040278836607137	0.613163998506964	0.064	0	1	"WT mice (Striatum)"	"FHOD1"
0.00409878145148818	0.432975405328863	0.052	0	1	"WT mice (Striatum)"	"NRM"
0.00410748674600249	0.704526731633557	0.076	0	1	"WT mice (Striatum)"	"CNPY2"
0.00410905404046361	0.805793598195074	0.076	0	1	"WT mice (Striatum)"	"VPS4A"
0.00459954890222742	0.67932042152243	0.372	0.218	1	"WT mice (Striatum)"	"PTGS1"
0.0046691825293591	0.913197834178048	0.081	0	1	"WT mice (Striatum)"	"ABHD6"
0.00488166902170201	0.877032701442634	0.145	0.036	1	"WT mice (Striatum)"	"DDRGK1"
0.00489785112495392	0.910568621703316	0.337	0.182	1	"WT mice (Striatum)"	"CYTH4"
0.00493558942789051	0.874701061832422	0.244	0.109	1	"WT mice (Striatum)"	"FCGR2B"
0.00494722620061571	1.04885258556882	0.081	0	1	"WT mice (Striatum)"	"BAZ1A"
0.00499181302389007	0.371437692774339	0.047	0	1	"WT mice (Striatum)"	"GM2237"
0.00500049467188796	0.461914913942877	0.052	0	1	"WT mice (Striatum)"	"IGSF6"
0.00510078720850792	0.545834247042372	0.448	0.291	1	"WT mice (Striatum)"	"MEF2C"
0.00528055114067002	1.00781060461645	0.25	0.091	1	"WT mice (Striatum)"	"CRYBB1"
0.00531124032864593	0.459015597427108	0.052	0	1	"WT mice (Striatum)"	"HMGXB4"
0.00533965943166113	0.567870348735797	0.064	0	1	"WT mice (Striatum)"	"RUNX1"
0.0053480402984461	0.741881191208666	0.07	0	1	"WT mice (Striatum)"	"ARHGAP22"
0.00538935222080523	0.601804272927663	0.866	0.727	1	"WT mice (Striatum)"	"CX3CR1"
0.00556682105101545	0.69923379356933	0.064	0	1	"WT mice (Striatum)"	"PTK2B"
0.00564280448300797	0.674235198384304	0.07	0	1	"WT mice (Striatum)"	"NCF4"
0.00571168695646037	0.595192655926882	0.064	0	1	"WT mice (Striatum)"	"QRICH1"
0.00577101138855462	0.346176611840169	0.047	0	1	"WT mice (Striatum)"	"XPO6"
0.00580255114938627	0.977927019864138	0.116	0.018	1	"WT mice (Striatum)"	"GM5514"
0.0058112943765616	0.810966297709231	0.076	0	1	"WT mice (Striatum)"	"OMA1"
0.00589088416559148	0.447539276321769	0.052	0	1	"WT mice (Striatum)"	"GM11964"
0.00589265153842993	0.932560765168316	0.099	0.018	1	"WT mice (Striatum)"	"ZCCHC7"
0.0058983167150026	0.816403969902931	0.07	0	1	"WT mice (Striatum)"	"LMBRD1"
0.00591224931963926	0.694004302168412	0.116	0.036	1	"WT mice (Striatum)"	"SNX2"
0.00592214009195284	0.407083479412826	0.052	0	1	"WT mice (Striatum)"	"GM38042"
0.0060236017179118	0.431512800774296	0.052	0	1	"WT mice (Striatum)"	"ZFP991"
0.00626297362662884	0.910536046336431	0.145	0.036	1	"WT mice (Striatum)"	"GM12892"
0.00630851998574694	0.839086712307108	0.151	0.036	1	"WT mice (Striatum)"	"BHLHE41"
0.00637673891069354	0.966749305707236	0.081	0	1	"WT mice (Striatum)"	"A630001G21RIK"
0.00643591335452505	0.365572941939093	0.047	0	1	"WT mice (Striatum)"	"RUVBL2"
0.00647514522667356	0.918505422506574	0.163	0.036	1	"WT mice (Striatum)"	"SPPL2A"
0.00678854403716801	0.831248180891908	0.07	0	1	"WT mice (Striatum)"	"KLK8"
0.00683856352173918	0.543743882225171	0.052	0	1	"WT mice (Striatum)"	"POC1B"
0.00688440019868106	0.560587840664965	0.058	0	1	"WT mice (Striatum)"	"MYADM"
0.00694625714217074	0.722580646573332	0.064	0	1	"WT mice (Striatum)"	"GM10138"
0.00717353685291476	0.807803482855203	0.093	0.018	1	"WT mice (Striatum)"	"CLU"
0.00721228898797393	0.825687928555629	0.076	0	1	"WT mice (Striatum)"	"PHF12"
0.00723602057950013	0.483047799500387	0.052	0	1	"WT mice (Striatum)"	"CPSF6"
0.00728391944992049	1.11480893219359	0.355	0.218	1	"WT mice (Striatum)"	"SNRNP70"
0.00729570798572847	0.534130515675281	0.052	0	1	"WT mice (Striatum)"	"GFER"
0.00729612487599977	0.589949275783788	0.058	0	1	"WT mice (Striatum)"	"CIC"
0.00732187774905984	0.847017199559388	0.064	0	1	"WT mice (Striatum)"	"GM44419"
0.00762488482323833	0.646725213222949	0.064	0	1	"WT mice (Striatum)"	"INPP4B"
0.00769498700756237	0.686160207756798	0.064	0	1	"WT mice (Striatum)"	"VRK2"
0.00771033026697336	0.674669597903123	0.14	0.036	1	"WT mice (Striatum)"	"COX7B"
0.00771910823672976	0.226132940929937	0.035	0	1	"WT mice (Striatum)"	"HIST1H1E"
0.00783893827297879	0.45811861043292	0.052	0	1	"WT mice (Striatum)"	"1810011H11RIK"
0.00791551514555163	1.03617550399576	0.07	0	1	"WT mice (Striatum)"	"NUP88"
0.00813688185369574	0.657148073523658	0.064	0	1	"WT mice (Striatum)"	"GM9835"
0.00814377638688561	0.837630360489297	0.07	0	1	"WT mice (Striatum)"	"CNOT8"
0.00815964840720411	1.15060262489314	0.134	0.018	1	"WT mice (Striatum)"	"MRPL52"
0.0081644348276037	0.393469030783393	0.047	0	1	"WT mice (Striatum)"	"TWF1"
0.00819309017632796	0.84178889954899	0.076	0	1	"WT mice (Striatum)"	"TRAPPC4"
0.00833153519342519	0.731566265836204	0.064	0	1	"WT mice (Striatum)"	"IL7R"
0.00833385029364724	0.639275333237565	0.57	0.4	1	"WT mice (Striatum)"	"HPGDS"
0.00840891844886815	0.678453761613987	0.064	0	1	"WT mice (Striatum)"	"GMFG"
0.00842941115901653	1.14852609157428	0.134	0.018	1	"WT mice (Striatum)"	"9930111J21RIK2"
0.00845572969877642	0.460917459619073	0.052	0	1	"WT mice (Striatum)"	"SNAP23"
0.00845751234007409	0.696472205235506	0.064	0	1	"WT mice (Striatum)"	"ORC4"
0.00850965125989514	0.748042860828215	0.07	0	1	"WT mice (Striatum)"	"TBC1D23"
0.00851930542405849	0.842527651068556	0.076	0	1	"WT mice (Striatum)"	"ANO6"
0.00853935397336525	0.503643016723199	0.052	0	1	"WT mice (Striatum)"	"GM5776"
0.00862166538706635	0.672807158406348	0.058	0	1	"WT mice (Striatum)"	"FAM104A"
0.00866809535364175	0.976999370691709	0.081	0	1	"WT mice (Striatum)"	"PARVG"
0.00872628427043243	0.738303320178414	0.064	0	1	"WT mice (Striatum)"	"GP9"
0.00883019937724324	0.824403479286494	0.07	0	1	"WT mice (Striatum)"	"9930021J03RIK"
0.00888148489711944	0.687714795933506	0.11	0.018	1	"WT mice (Striatum)"	"CEP170"
0.00901175703244281	0.94024986762294	0.076	0	1	"WT mice (Striatum)"	"PFDN2"
0.00908325968362947	0.366818692292526	0.041	0	1	"WT mice (Striatum)"	"CARD9"
0.00908376155722963	0.729370193500326	0.07	0	1	"WT mice (Striatum)"	"ARID3A"
0.00918101624156531	0.44499545412626	0.052	0	1	"WT mice (Striatum)"	"STK10"
0.00921111645288656	0.875955056175028	0.064	0	1	"WT mice (Striatum)"	"DHX36"
0.00927076631391457	0.217485300416258	0.035	0	1	"WT mice (Striatum)"	"SEC23B"
0.00930091236645745	0.396081790777876	0.047	0	1	"WT mice (Striatum)"	"RIN3"
0.00934587939883925	1.03648182998271	0.058	0	1	"WT mice (Striatum)"	"SLFN8"
0.00944690293158301	0.530839718015401	0.052	0	1	"WT mice (Striatum)"	"ADCY7"
0.00978603072962024	0.808960867354724	0.128	0.036	1	"WT mice (Striatum)"	"COL27A1"
0.00979232910540154	0.9171334063045	0.076	0	1	"WT mice (Striatum)"	"TMEM100"
